from,to,vote,relation,show,instagram,love,
stdü,aisi,1,1,KdRS,,,
gifa,aisi,1,1,KdRS,,,
delo,anse,2,1,KdRS,,,
jehi,anre,2,1,KdRS,,,
anse,lino,2,1,KdRS,,,
dawe,anse,2,1,KdRS,,,
anre,lino,2,1,KdRS,,,
lino,anre,2,1,KdRS,,,
mase,anse,2,1,KdRS,,,
hasu,anse,2,1,KdRS,,,
caka,anse,1,1,KdRS,,,
anla,anse,1,1,KdRS,,,
chok,dawe,1,1,KdRS,,,
pise,dawe,1,1,KdRS,,,
gifa,mase,2,1,KdRS,,,
caka,hasu,2,1,KdRS,,,
stdü,anre,2,1,KdRS,,,
jehi,mase,2,1,KdRS,,,
anre,stdü,2,1,KdRS,,,
delo,hasu,2,1,KdRS,,,
hasu,mase,2,1,KdRS,,,
mase,hasu,2,1,KdRS,,,
anla,mase,2,1,KdRS,,,
shfi,hasu,1,1,KdRS,,,
maan,hasu,1,1,KdRS,,,
gifa,chok,2,1,KdRS,,,
pise,anla,2,1,KdRS,,,
anre,mase,2,1,KdRS,,,
mase,anre,2,1,KdRS,,,
anla,chok,2,1,KdRS,,,
chok,anla,2,1,KdRS,,,
caka,chok,2,1,KdRS,,,
jehi,mase,2,1,KdRS,,,
stdü,anla,2,1,KdRS,,,
delo,chok,2,1,KdRS,,,
tata,mase,1,1,KdRS,,,
jost,mase,1,1,KdRS,,,
caka,stdü,2,1,KdRS,,,
delo,stdü,2,1,KdRS,,,
gifa,caka,2,1,KdRS,,,
jehi,caka,2,1,KdRS,,,
jost,stdü,2,1,KdRS,,,
maan,caka,2,1,KdRS,,,
pise,delo,2,1,KdRS,,,
stdü,delo,2,1,KdRS,,,
tata,caka,2,1,KdRS,,,
anre,caka,2,1,KdRS,,,
bekl,anre,2,1,KdRS,,,
caka,anre,2,1,KdRS,,,
delo,anre,2,1,KdRS,,,
frfu,caka,2,1,KdRS,,,
gifa,caka,2,1,KdRS,,,
jehi,anre,2,1,KdRS,,,
jost,anre,2,1,KdRS,,,
lale,anre,2,1,KdRS,,,
maan,anre,2,1,KdRS,,,
pise,caka,2,1,KdRS,,,
stdü,caka,2,1,KdRS,,,
tata,caka,2,1,KdRS,,,
bekl,stdü,2,1,KdRS,,,
delo,stdü,2,1,KdRS,,,
frfu,bekl,2,1,KdRS,,,
gifa,stdü,2,1,KdRS,,,
jehi,stdü,2,1,KdRS,,,
jost,stdü,2,1,KdRS,,,
lale,stdü,2,1,KdRS,,,
maan,bekl,2,1,KdRS,,,
pise,bekl,2,1,KdRS,,,
stdü,bekl,2,1,KdRS,,,
tata,stdü,2,1,KdRS,,,
aisi,gifa,2,1,KdRS,,,
anse,gifa,2,1,KdRS,,,
anre,jehi,2,1,KdRS,,,
bekl,maan,2,1,KdRS,,,
caka,jehi,2,1,KdRS,,,
dawe,pise,2,1,KdRS,,,
delo,pise,2,1,KdRS,,,
frfu,jost,2,1,KdRS,,,
gifa,bekl,2,1,KdRS,,,
jehi,pise,2,1,KdRS,,,
jost,jehi,2,1,KdRS,,,
lale,bekl,2,1,KdRS,,,
lino,jehi,2,1,KdRS,,,
maan,bekl,2,1,KdRS,,,
mase,jehi,2,1,KdRS,,,
pise,jehi,2,1,KdRS,,,
shfi,jehi,2,1,KdRS,,,
stdü,jehi,2,1,KdRS,,,
tata,bekl,2,1,KdRS,,,
BR,anla,0,2,KdRS,,,
RP,anre,0,2,KdRS,,,
km,bekl,0,2,KdRS,,,
RTM,chok,0,2,KdRS,,,
SG,dawe,0,2,KdRS,,,
R,delo,0,2,KdRS,,,
K3,frfu,0,2,KdRS,,,
AM,hasu,0,2,KdRS,,,
PPA,jost,0,2,KdRS,,,
H,lino,0,2,KdRS,,,
RW,maan,0,2,KdRS,,,
S,mase,0,2,KdRS,,,
H,tata,0,2,KdRS,,,
S&S,pise,0,2,KdRS,,,
caka,lale,,,,2,,
caka,tata,,,,2,,
lale,caka,,,,2,,
tata,caka,,,,2,,
dawe,hasu,,,,2,,
hasu,dawe,,,,2,,
anla,caka,,,,2,,
chok,coci,,,,2,,
chok,caka,,,,2,,
chok,frfu,,,,2,,
caka,fipa,,,,2,,
dawe,kenj,,,,2,,
dawe,lubi,,,,2,,
dawe,palj,,,,2,,
brpa,dawe,,,,2,,
delo,aisi,,,,2,,
delo,tata,,,,2,1,
delo,dawe,,,,2,,
delo,garo,,,,2,,
dawe,garo,,,,2,,
delo,coci,,,,2,,
jeig,hasu,,,,2,,
hasu,sisa,,,,2,,
jost,rywö,,,,2,,
jost,dibr,,,,2,,
jost,tako,,,,2,,
jost,stst,,,,2,,
jost,lale,,,,2,,
jost,masp,,,,2,,
jost,jelo,,,,2,,
jelo,dibr,,,,2,,
jelo,tako,,,,2,,
jelo,masp,,,,2,,
jelo,stst,,,,2,,
jelo,lale,,,,2,,
dibr,tako,,,,2,,
dibr,masp,,,,2,,
dibr,stst,,,,2,,
dibr,lale,,,,2,,
tako,masp,,,,2,,
tako,stst,,,,2,,
tako,lale,,,,2,,
masp,stst,,,,2,,
masp,lale,,,,2,,
stst,lale,,,,2,,
lale,nagr,,,,2,,
stdü,paro,,,,2,,
stdü,evbe,,,,2,,
stdü,arie,,,,2,,
stdü,giof,,,,2,,
stdü,umte,,,,2,,
umte,paro,,,,2,,
umte,giof,,,,2,,
giof,paro,,,,2,,
dawe,tata,,,,2,,
garo,tata,,,,2,,
sigo,stsc,,,,2,1,
mase,hara,,,,2,,
joho,tiho,,,,2,1,
tope,palj,,,,2,1,
liba,rywö,,,,2,1,
liba,jioc,,,,2,,
jede,makl,,,,2,1,
PL,sigo,,2,dShdS,,,
PL,stsc,,2,dShdS,,,
PPM,hara,,2,dShdS,,,
TH,joho,,2,dShdS,,,
TH,tiho,,2,dShdS,,,
KM,tope,,2,dShdS,,,
KM,palj,,2,dShdS,,,
R,liba,,2,dShdS,,,
R,rywö,,2,dShdS,,,
BA,edpi,,2,dShdS,,,
R48,mikl,,2,dShdS,,,
S&S,jede,,2,dShdS,,,
NWG,makl,,2,dShdS,,,
FM,paza,,2,dShdS,,,
FM,loma,,2,dShdS,,,
aisi,lino,,,,1,,
anla,anse,,,,1,,
anla,anre,,,,1,,
anla,bekl,,,,1,,
anla,caka,,,,1,,
anla,delo,,,,1,,
anla,gifa,,,,1,,
anla,jost,,,,1,,
anla,lino,,,,1,,
anla,pise,,,,1,,
anla,shfi,,,,1,,
anla,stdü,,,,1,,
anla,tata,,,,1,,
anla,coci,,,,1,,
anla,sabe,,,,1,,
anla,arie,,,,1,,
anla,jeig,,,,1,,
anla,tako,,,,1,,
anse,aisi,,,,1,,
anse,anla,,,,1,,
anse,anre,,,,1,,
anse,caka,,,,1,,
anse,chok,,,,1,,
anse,frfu,,,,1,,
anse,hasu,,,,1,,
anse,jost,,,,1,,
anse,lale,,,,1,,
anse,lino,,,,1,,
anse,maan,,,,1,,
anse,pise,,,,1,,
anse,shfi,,,,1,,
anse,stdü,,,,1,,
anse,nagr,,,,1,,
anre,anla,,,,1,,
anre,anse,,,,1,,
anre,caka,,,,1,,
anre,chok,,,,1,,
anre,delo,,,,1,,
anre,frfu,,,,1,,
anre,gifa,,,,1,,
anre,hasu,,,,1,,
anre,jost,,,,1,,
anre,lale,,,,1,,
anre,lino,,,,1,,
anre,maan,,,,1,,
anre,pise,,,,1,,
anre,shfi,,,,1,,
anre,stdü,,,,1,,
anre,tata,,,,1,,
anre,gisi,,,,1,,
anre,coci,,,,1,,
anre,lubi,,,,1,,
anre,giof,,,,1,,
anre,mimo,,,,1,,
anre,hakr,,,,1,,
anre,hufa,,,,1,,
bekl,anla,,,,1,,
bekl,anse,,,,1,,
bekl,anre,,,,1,,
bekl,caka,,,,1,,
bekl,chok,,,,1,,
bekl,dawe,,,,1,,
bekl,delo,,,,1,,
bekl,frfu,,,,1,,
bekl,hasu,,,,1,,
bekl,jehi,,,,1,,
bekl,jost,,,,1,,
bekl,lino,,,,1,,
bekl,shfi,,,,1,,
bekl,stdü,,,,1,,
bekl,tata,,,,1,,
bekl,stsc,,,,1,,
bekl,mikl,,,,1,,
bekl,jede,,,,1,,
bekl,saja,,,,1,,
bekl,ersi,,,,1,,
bekl,coci,,,,1,,
bekl,jioc,,,,1,,
bekl,stst,,,,1,,
bekl,umte,,,,1,,
caka,aisi,,,,1,,
caka,anla,,,,1,,
caka,anse,,,,1,,
caka,anre,,,,1,,
caka,bekl,,,,1,,
caka,delo,,,,1,,
caka,gifa,,,,1,,
caka,hasu,,,,1,,
caka,jehi,,,,1,,
caka,jost,,,,1,,
caka,lino,,,,1,,
caka,pise,,,,1,,
caka,shfi,,,,1,,
caka,stdü,,,,1,,
caka,tope,,,,1,,
caka,palj,,,,1,,
caka,edpi,,,,1,,
caka,mikl,,,,1,,
caka,lubi,,,,1,,
caka,sasi,,,,1,,
caka,lamo,,,,1,,
caka,inki,,,,1,,
caka,kenj,,,,1,,
caka,cast,,,,1,,
caka,olgi,,,,1,,
caka,stst,,,,1,,
caka,umte,,,,1,,
caka,tako,,,,1,,
chok,anse,,,,1,,
chok,anre,,,,1,,
chok,bekl,,,,1,,
chok,frfu,,,,1,,
chok,jost,,,,1,,
chok,maan,,,,1,,
chok,pise,,,,1,,
chok,stdü,,,,1,,
chok,stsc,,,,1,,
chok,palj,,,,1,,
chok,mikl,,,,1,,
chok,jede,,,,1,,
chok,makl,,,,1,,
chok,saja,,,,1,,
chok,ersi,,,,1,,
chok,coci,,,,1,,
chok,sabe,,,,1,,
chok,lamo,,,,1,,
chok,bekl,,,,1,,
chok,umte,,,,1,,
dawe,delo,,,,1,,
dawe,frfu,,,,1,,
dawe,jehi,,,,1,,
dawe,tata,,,,1,,
dawe,mikl,,,,1,,
dawe,tikü,,,,1,,
dawe,jioc,,,,1,,
delo,aisi,,,,1,,
delo,anla,,,,1,,
delo,anre,,,,1,,
delo,caka,,,,1,,
delo,dawe,,,,1,,
delo,gifa,,,,1,,
delo,jehi,,,,1,,
delo,jost,,,,1,,
delo,lino,,,,1,,
delo,maan,,,,1,,
delo,tata,,,,1,,
delo,joho,,,,1,,
delo,palj,,,,1,,
delo,mikl,,,,1,,
delo,jede,,,,1,,
delo,makl,,,,1,,
delo,paza,,,,1,,
delo,loma,,,,1,,
delo,saja,,,,1,,
delo,ersi,,,,1,,
delo,coci,,,,1,,
delo,lubi,,,,1,,
delo,brpa,,,,1,,
delo,umte,,,,1,,
delo,garo,,,,1,,
gifa,anla,,,,1,,
gifa,anre,,,,1,,
gifa,caka,,,,1,,
gifa,delo,,,,1,,
gifa,lino,,,,1,,
gifa,pise,,,,1,,
gifa,tata,,,,1,,
gifa,jede,,,,1,,
gifa,saja,,,,1,,
gifa,lamo,,,,1,,
gifa,arie,,,,1,,
gifa,becm,,,,1,,
gifa,saya,,,,1,,
gifa,evbe,,,,1,,
hasu,anse,,,,1,,
hasu,anre,,,,1,,
hasu,caka,,,,1,,
hasu,frfu,,,,1,,
hasu,lale,,,,1,,
hasu,lino,,,,1,,
hasu,maan,,,,1,,
hasu,pise,,,,1,,
hasu,stdü,,,,1,,
hasu,tata,,,,1,,
hasu,palj,,,,1,,
hasu,jede,,,,1,,
hasu,lubi,,,,1,,
hasu,aula,,,,1,,
hasu,nagr,,,,1,,
hasu,lamo,,,,1,,
hasu,saja,,,,1,,
hasu,sisa,,,,1,,
hasu,becm,,,,1,,
hasu,lefü,,,,1,,
hasu,jioc,,,,1,,
hasu,joest,,,,1,,
hasu,jelo,,,,1,,
jost,anla,,,,1,,
jost,anse,,,,1,,
jost,bekl,,,,1,,
jost,caka,,,,1,,
jost,chok,,,,1,,
jost,delo,,,,1,,
jost,frfu,,,,1,,
jost,jehi,,,,1,,
jost,lale,,,,1,,
jost,lino,,,,1,,
jost,maan,,,,1,,
jost,pise,,,,1,,
jost,stdü,,,,1,,
jost,tata,,,,1,,
jost,tope,,,,1,,
jost,palj,,,,1,,
jost,rywö,,,,1,,
jost,edpi,,,,1,,
jost,mikl,,,,1,,
jost,makl,,,,1,,
jost,paza,,,,1,,
jost,loma,,,,1,,
jost,saja,,,,1,,
jost,ersi,,,,1,,
jost,coci,,,,1,,
jost,lubi,,,,1,,
jost,chmo,,,,1,,
jost,sasi,,,,1,,
jost,nagr,,,,1,,
jost,tikü,,,,1,,
jost,sabe,,,,1,,
jost,lamo,,,,1,,
jost,inki,,,,1,,
jost,saja,,,,1,,
jost,kenj,,,,1,,
jost,henn,,,,1,,
jost,joma,,,,1,,
jost,nell,,,,1,,
jost,lefü,,,,1,,
jost,caog,,,,1,,
jost,lenn,,,,1,,
jost,olgi,,,,1,,
jost,jioc,,,,1,,
jost,stst,,,,1,,
jost,liga,,,,1,,
jost,yasy,,,,1,,
jost,dicv,,,,1,,
jost,jogü,,,,1,,
jost,masp,,,,1,,
jost,brpa,,,,1,,
jost,umte,,,,1,,
jost,jeig,,,,1,,
jost,garo,,,,1,,
jost,dibr,,,,1,,
jost,tako,,,,1,,
jost,joest,,,,1,,
jost,josst,,,,1,,
jost,jelo,,,,1,,
jost,navo,,,,1,,
lale,hasu,,,,1,,
lale,jost,,,,1,,
lale,lino,,,,1,,
lale,maan,,,,1,,
lale,pise,,,,1,,
lale,palj,,,,1,,
lale,nagr,,,,1,,
lale,lamo,,,,1,,
lale,anro,,,,1,,
lale,elpi,,,,1,,
lale,henn,,,,1,,
lale,brpa,,,,1,,
lale,garo,,,,1,,
lale,tako,,,,1,,
lale,joest,,,,1,,
lale,jelo,,,,1,,
lino,aisi,,,,1,,
lino,anla,,,,1,,
lino,anse,,,,1,,
lino,anre,,,,1,,
lino,bekl,,,,1,,
lino,caka,,,,1,,
lino,delo,,,,1,,
lino,gifa,,,,1,,
lino,hasu,,,,1,,
lino,jost,,,,1,,
lino,lale,,,,1,,
lino,maan,,,,1,,
lino,pise,,,,1,,
lino,stdü,,,,1,,
lino,tata,,,,1,,
lino,saja,,,,1,,
lino,gisi,,,,1,,
lino,coci,,,,1,,
lino,sabe,,,,1,,
lino,becm,,,,1,,
lino,nell,,,,1,,
lino,fipa,,,,1,,
lino,dicv,,,,1,,
lino,evbe,,,,1,,
lino,hufa,,,,1,,
maan,delo,,,,1,,
maan,hasu,,,,1,,
maan,jost,,,,1,,
maan,lale,,,,1,,
maan,lino,,,,1,,
maan,pise,,,,1,,
maan,stdü,,,,1,,
maan,tata,,,,1,,
maan,dicv,,,,1,,
mase,anre,,,,1,,
mase,bekl,,,,1,,
mase,caka,,,,1,,
mase,delo,,,,1,,
mase,frfu,,,,1,,
mase,maan,,,,1,,
mase,shfi,,,,1,,
mase,stdü,,,,1,,
shfi,anla,,,,1,,
shfi,anse,,,,1,,
shfi,anre,,,,1,,
shfi,bekl,,,,1,,
shfi,caka,,,,1,,
shfi,pise,,,,1,,
shfi,stdü,,,,1,,
stdü,anla,,,,1,,
stdü,anse,,,,1,,
stdü,anre,,,,1,,
stdü,bekl,,,,1,,
stdü,caka,,,,1,,
stdü,chok,,,,1,,
stdü,dawe,,,,1,,
stdü,delo,,,,1,,
stdü,frfu,,,,1,,
stdü,gifa,,,,1,,
stdü,hasu,,,,1,,
stdü,jost,,,,1,,
stdü,lale,,,,1,,
stdü,lino,,,,1,,
stdü,maan,,,,1,,
stdü,pise,,,,1,,
stdü,shfi,,,,1,,
stdü,tata,,,,1,,
stdü,stsc,,,,1,,
stdü,tope,,,,1,,
stdü,arie,,,,1,,
stdü,jioc,,,,1,,
stdü,fipa,,,,1,,
stdü,umte,,,,1,,
stdü,navo,,,,1,,
stdü,paro,,,,1,,
stdü,saya,,,,1,,
stdü,evbe,,,,1,,
stdü,giof,,,,1,,
stdü,mimo,,,,1,,
stdü,hakr,,,,1,,
stdü,hufa,,,,1,,
tata,anla,,,,1,,
tata,anre,,,,1,,
tata,bekl,,,,1,,
tata,dawe,,,,1,,
tata,delo,,,,1,,
tata,frfu,,,,1,,
tata,gifa,,,,1,,
tata,hasu,,,,1,,
tata,jehi,,,,1,,
tata,jost,,,,1,,
tata,lino,,,,1,,
tata,maan,,,,1,,
tata,pise,,,,1,,
tata,stsc,,,,1,,
tata,hara,,,,1,,
tata,joho,,,,1,,
tata,tiho,,,,1,,
tata,tope,,,,1,,
tata,palj,,,,1,,
tata,liba,,,,1,,
tata,rywö,,,,1,,
tata,edpi,,,,1,,
tata,mikl,,,,1,,
tata,jede,,,,1,,
tata,makl,,,,1,,
tata,paza,,,,1,,
tata,loma,,,,1,,
tata,saja,,,,1,,
tata,coci,,,,1,,
tata,aula,,,,1,,
tata,sasi,,,,1,,
tata,jegr,,,,1,,
tata,tikü,,,,1,,
tata,chbr,,,,1,,
tata,lamo,,,,1,,
tata,kenj,,,,1,,
tata,becm,,,,1,,
tata,elpi,,,,1,,
tata,cast,,,,1,,
tata,olgi,,,,1,,
tata,siho,,,,1,,
tata,yasy,,,,1,,
tata,umte,,,,1,,
tata,jeig,,,,1,,
tata,garo,,,,1,,
tata,tako,,,,1,,
tata,joest,,,,1,,
tata,navo,,,,1,,
sigo,chok,,,,1,,
sigo,stsc,,,,1,,
sigo,saja,,,,1,,
sigo,paro,,,,1,,
stsc,bekl,,,,1,,
stsc,chok,,,,1,,
stsc,stdü,,,,1,,
stsc,tata,,,,1,,
stsc,joho,,,,1,,
stsc,tiho,,,,1,,
stsc,liba,,,,1,,
stsc,rywö,,,,1,,
stsc,edpi,,,,1,,
stsc,mikl,,,,1,,
stsc,paza,,,,1,,
stsc,loma,,,,1,,
stsc,saja,,,,1,,
stsc,elpi,,,,1,,
hara,tata,,,,1,,
hara,pipa,,,,1,,
hara,edpi,,,,1,,
hara,gisi,,,,1,,
pipa,pise,,,,1,,
pipa,tata,,,,1,,
pipa,hara,,,,1,,
pipa,elpi,,,,1,,
pise,anla,,,,1,,
pise,anse,,,,1,,
pise,anre,,,,1,,
pise,caka,,,,1,,
pise,chok,,,,1,,
pise,frfu,,,,1,,
pise,gifa,,,,1,,
pise,hasu,,,,1,,
pise,jost,,,,1,,
pise,lale,,,,1,,
pise,lino,,,,1,,
pise,maan,,,,1,,
pise,shfi,,,,1,,
pise,stdü,,,,1,,
pise,tata,,,,1,,
pise,coci,,,,1,,
pise,frwa,,,,1,,
pise,nire,,,,1,,
pise,emfe,,,,1,,
pise,sabe,,,,1,,
pise,lamo,,,,1,,
pise,inki,,,,1,,
pise,dicv,,,,1,,
pise,umte,,,,1,,
pise,jelo,,,,1,,
tiho,tata,,,,1,,
tiho,stsc,,,,1,,
tiho,joho,,,,1,,
tiho,liba,,,,1,,
tiho,rywö,,,,1,,
tope,caka,,,,1,,
tope,jost,,,,1,,
tope,palj,,,,1,,
tope,mikl,,,,1,,
tope,jede,,,,1,,
tope,makl,,,,1,,
tope,ersi,,,,1,,
tope,coci,,,,1,,
tope,pahe,,,,1,,
tope,nagr,,,,1,,
tope,chbr,,,,1,,
tope,cast,,,,1,,
tope,fipa,,,,1,,
tope,jogü,,,,1,,
tope,umte,,,,1,,
tope,josst,,,,1,,
palj,caka,,,,1,,
palj,chok,,,,1,,
palj,delo,,,,1,,
palj,hasu,,,,1,,
palj,jost,,,,1,,
palj,lale,,,,1,,
palj,maan,,,,1,,
palj,tata,,,,1,,
palj,tope,,,,1,,
palj,liba,,,,1,,
palj,edpi,,,,1,,
palj,mikl,,,,1,,
palj,jede,,,,1,,
palj,makl,,,,1,,
palj,emfe,,,,1,,
palj,nagr,,,,1,,
palj,tikü,,,,1,,
palj,chbr,,,,1,,
palj,lamo,,,,1,,
palj,saja,,,,1,,
palj,becm,,,,1,,
palj,elpi,,,,1,,
palj,henn,,,,1,,
palj,joma,,,,1,,
palj,vimi,,,,1,,
palj,cast,,,,1,,
palj,stst,,,,1,,
palj,jeig,,,,1,,
palj,garo,,,,1,,
palj,tako,,,,1,,
palj,saya,,,,1,,
palj,hufa,,,,1,,
frfu,anla,,,,1,,
frfu,anse,,,,1,,
frfu,anre,,,,1,,
frfu,bekl,,,,1,,
frfu,chok,,,,1,,
frfu,dawe,,,,1,,
frfu,delo,,,,1,,
frfu,hasu,,,,1,,
frfu,jehi,,,,1,,
frfu,jost,,,,1,,
frfu,mase,,,,1,,
frfu,pise,,,,1,,
frfu,stdü,,,,1,,
frfu,tata,,,,1,,
liba,tata,,,,1,,
liba,stsc,,,,1,,
liba,tiho,,,,1,,
liba,palj,,,,1,,
liba,rywö,,,,1,,
liba,jede,,,,1,,
liba,makl,,,,1,,
liba,loma,,,,1,,
liba,emfe,,,,1,,
liba,nagr,,,,1,,
liba,arie,,,,1,,
liba,henn,,,,1,,
liba,joma,,,,1,,
liba,tako,,,,1,,
rywö,paro,,,,1,,
rywö,jost,,,,1,,
rywö,tata,,,,1,,
rywö,stsc,,,,1,,
rywö,joho,,,,1,,
rywö,tiho,,,,1,,
rywö,liba,,,,1,,
rywö,jede,,,,1,,
rywö,makl,,,,1,,
rywö,paza,,,,1,,
rywö,tikü,,,,1,,
rywö,xast,,,,1,,
rywö,caog,,,,1,,
rywö,olgi,,,,1,,
rywö,paro,,,,1,,
edpi,caka,,,,1,,
edpi,jost,,,,1,,
edpi,lale,,,,1,,
edpi,tata,,,,1,,
edpi,stsc,,,,1,,
edpi,hara,,,,1,,
edpi,palj,,,,1,,
edpi,jede,,,,1,,
edpi,paza,,,,1,,
edpi,loma,,,,1,,
edpi,saja,,,,1,,
edpi,emfe,,,,1,,
edpi,jegr,,,,1,,
edpi,anro,,,,1,,
edpi,becm,,,,1,,
edpi,elpi,,,,1,,
edpi,henn,,,,1,,
edpi,joma,,,,1,,
edpi,stst,,,,1,,
edpi,liga,,,,1,,
edpi,dicv,,,,1,,
edpi,jogü,,,,1,,
edpi,umte,,,,1,,
edpi,joest,,,,1,,
mikl,bekl,,,,1,,
mikl,caka,,,,1,,
mikl,chok,,,,1,,
mikl,dawe,,,,1,,
mikl,delo,,,,1,,
mikl,jost,,,,1,,
mikl,tata,,,,1,,
mikl,stsc,,,,1,,
mikl,tope,,,,1,,
mikl,palj,,,,1,,
mikl,jede,,,,1,,
mikl,makl,,,,1,,
mikl,saja,,,,1,,
mikl,ersi,,,,1,,
mikl,lubi,,,,1,,
mikl,chbr,,,,1,,
mikl,becm,,,,1,,
mikl,rogr,,,,1,,
mikl,joma,,,,1,,
mikl,umte,,,,1,,
mikl,garo,,,,1,,
jede,chok,,,,1,,
jede,delo,,,,1,,
jede,gifa,,,,1,,
jede,hasu,,,,1,,
jede,tata,,,,1,,
jede,tope,,,,1,,
jede,palj,,,,1,,
jede,liba,,,,1,,
jede,rywö,,,,1,,
jede,edpi,,,,1,,
jede,mikl,,,,1,,
jede,makl,,,,1,,
jede,saja,,,,1,,
jede,coci,,,,1,,
jede,nire,,,,1,,
jede,nagr,,,,1,,
jede,jegr,,,,1,,
jede,chbr,,,,1,,
jede,lamo,,,,1,,
jede,inki,,,,1,,
jede,becm,,,,1,,
jede,henn,,,,1,,
jede,joma,,,,1,,
jede,liga,,,,1,,
jede,siho,,,,1,,
jede,masp,,,,1,,
jede,umte,,,,1,,
jede,jeig,,,,1,,
jede,garo,,,,1,,
jede,tako,,,,1,,
jede,joest,,,,1,,
jede,jelo,,,,1,,
jede,evbe,,,,1,,
makl,chok,,,,1,,
makl,delo,,,,1,,
makl,jost,,,,1,,
makl,tata,,,,1,,
makl,tope,,,,1,,
makl,palj,,,,1,,
makl,liba,,,,1,,
makl,rywö,,,,1,,
makl,mikl,,,,1,,
makl,jede,,,,1,,
makl,saja,,,,1,,
makl,ersi,,,,1,,
makl,coci,,,,1,,
makl,pahe,,,,1,,
makl,nire,,,,1,,
makl,chbr,,,,1,,
makl,becm,,,,1,,
makl,lefü,,,,1,,
makl,joja,,,,1,,
makl,olgi,,,,1,,
makl,umte,,,,1,,
makl,jeig,,,,1,,
makl,jelo,,,,1,,
makl,paro,,,,1,,
paza,delo,,,,1,,
paza,jost,,,,1,,
paza,tata,,,,1,,
paza,stsc,,,,1,,
paza,joho,,,,1,,
paza,tiho,,,,1,,
paza,liba,,,,1,,
paza,rywö,,,,1,,
paza,edpi,,,,1,,
paza,loma,,,,1,,
paza,ersi,,,,1,,
paza,sasi,,,,1,,
paza,umte,,,,1,,
paza,josst,,,,1,,
paza,jelo,,,,1,,
loma,delo,,,,1,,
loma,jost,,,,1,,
loma,tata,,,,1,,
loma,stsc,,,,1,,
loma,liba,,,,1,,
loma,edpi,,,,1,,
loma,paza,,,,1,,
loma,alri,,,,1,,
loma,sabe,,,,1,,
loma,saja,,,,1,,
loma,jelo,,,,1,,
loma,saya,,,,1,,
ersi,bekl,,,,1,,
ersi,chok,,,,1,,
ersi,delo,,,,1,,
ersi,jost,,,,1,,
ersi,tope,,,,1,,
ersi,mikl,,,,1,,
ersi,makl,,,,1,,
ersi,paza,,,,1,,
ersi,lubi,,,,1,,
ersi,cast,,,,1,,
ersi,siho,,,,1,,
ersi,umte,,,,1,,
saja,hasu,,,,1,,
saja,jost,,,,1,,
saja,palj,,,,1,,
saja,loma,,,,1,,
saja,aula,,,,1,,
saja,kenj,,,,1,,
saja,sisa,,,,1,,
saja,anro,,,,1,,
saja,arie,,,,1,,
saja,becm,,,,1,,
saja,elpi,,,,1,,
saja,henn,,,,1,,
saja,joma,,,,1,,
saja,nell,,,,1,,
saja,lefü,,,,1,,
saja,caog,,,,1,,
saja,cast,,,,1,,
saja,joja,,,,1,,
saja,olgi,,,,1,,
saja,rogr,,,,1,,
sisa,hasu,,,,1,,
sisa,coci,,,,1,,
sisa,aula,,,,1,,
sisa,jegr,,,,1,,
sisa,saja,,,,1,,
sisa,kenj,,,,1,,
sisa,xast,,,,1,,
sisa,anro,,,,1,,
sisa,henn,,,,1,,
sisa,joma,,,,1,,
sisa,nell,,,,1,,
sisa,lefü,,,,1,,
sisa,caog,,,,1,,
sisa,cast,,,,1,,
sisa,olgi,,,,1,,
sisa,rogr,,,,1,,
sisa,jioc,,,,1,,
sisa,siho,,,,1,,
sisa,umte,,,,1,,
sisa,joest,,,,1,,
xast,rywö,,,,1,,
xast,edpi,,,,1,,
xast,lubi,,,,1,,
xast,pahe,,,,1,,
xast,jegr,,,,1,,
xast,lamo,,,,1,,
xast,sisa,,,,1,,
xast,henn,,,,1,,
xast,lefü,,,,1,,
xast,caog,,,,1,,
xast,cast,,,,1,,
xast,joja,,,,1,,
xast,olgi,,,,1,,
xast,rogr,,,,1,,
anro,lale,,,,1,,
anro,edpi,,,,1,,
anro,nagr,,,,1,,
anro,saja,,,,1,,
anro,kenj,,,,1,,
anro,sisa,,,,1,,
anro,henn,,,,1,,
anro,joma,,,,1,,
anro,caog,,,,1,,
anro,joja,,,,1,,
anro,olgi,,,,1,,
anro,rogr,,,,1,,
anro,joest,,,,1,,
anro,jelo,,,,1,,
arie,anla,,,,1,,
arie,gifa,,,,1,,
arie,liba,,,,1,,
arie,coci,,,,1,,
arie,saja,,,,1,,
arie,becm,,,,1,,
arie,elpi,,,,1,,
arie,joma,,,,1,,
arie,cast,,,,1,,
arie,dicv,,,,1,,
arie,brpa,,,,1,,
arie,umte,,,,1,,
arie,saya,,,,1,,
arie,mimo,,,,1,,
becm,chok,,,,1,,
becm,gifa,,,,1,,
becm,hasu,,,,1,,
becm,lino,,,,1,,
becm,tata,,,,1,,
becm,palj,,,,1,,
becm,edpi,,,,1,,
becm,mikl,,,,1,,
becm,jede,,,,1,,
becm,makl,,,,1,,
becm,coci,,,,1,,
becm,lubi,,,,1,,
becm,chbr,,,,1,,
becm,saja,,,,1,,
becm,kenj,,,,1,,
becm,elpi,,,,1,,
becm,lefü,,,,1,,
becm,caog,,,,1,,
becm,cast,,,,1,,
becm,joja,,,,1,,
becm,rogr,,,,1,,
becm,siho,,,,1,,
becm,yasy,,,,1,,
becm,umte,,,,1,,
becm,garo,,,,1,,
becm,tako,,,,1,,
becm,joest,,,,1,,
becm,navo,,,,1,,
becm,saya,,,,1,,
elpi,lale,,,,1,,
elpi,tata,,,,1,,
elpi,stsc,,,,1,,
elpi,palj,,,,1,,
elpi,edpi,,,,1,,
elpi,lubi,,,,1,,
elpi,nagr,,,,1,,
elpi,saja,,,,1,,
elpi,arie,,,,1,,
elpi,becm,,,,1,,
elpi,joma,,,,1,,
elpi,vimi,,,,1,,
elpi,caog,,,,1,,
elpi,joja,,,,1,,
elpi,rogr,,,,1,,
elpi,siho,,,,1,,
elpi,jeig,,,,1,,
elpi,garo,,,,1,,
elpi,joest,,,,1,,
elpi,jelo,,,,1,,
elpi,saya,,,,1,,
henn,bekl,,,,1,,
gisi,alki,2,1,dP,,,
coci,alki,2,1,dP,,,
pahe,sasi,2,1,dP,,,
frwa,sasi,2,1,dP,,,
nire,alki,2,1,dP,,,
chmo,sasi,2,1,dP,,,
alki,coci,2,1,dP,,,
emfe,sasi,2,1,dP,,,
sasi,alki,2,1,dP,,,
tikü,sasi,2,1,dP,,,
alri,sasi,2,1,dP,,,
chbr,alki,2,1,dP,,,
inki,sasi,2,1,dP,,,
pise,sasi,2,1,dP,,,
coci,alki,2,1,dP,,,
pahe,chbr,2,1,dP,,,
frwa,alki,2,1,dP,,,
emfe,chbr,2,1,dP,,,
aula,alki,2,1,dP,,,
tikü,alki,2,1,dP,,,
inki,alki,2,1,dP,,,
mldo,chbr,1,1,dP,,,
gisi,pise,2,1,dP,,,
coci,nagr,2,1,dP,,,
pahe,nagr,2,1,dP,,,
frwa,pise,2,1,dP,,,
nire,pise,2,1,dP,,,
emfe,nagr,2,1,dP,,,
aula,pise,2,1,dP,,,
sasi,pise,2,1,dP,,,
nagr,pise,2,1,dP,,,
tikü,nagr,2,1,dP,,,
sabe,mldo,2,1,dP,,,
inki,nagr,2,1,dP,,,
mldo,nagr,2,1,dP,,,
pise,nagr,2,1,dP,,,
gisi,emfe,2,1,dP,,,
coci,frwa,2,1,dP,,,
pahe,frwa,2,1,dP,,,
nire,emfe,2,1,dP,,,
aula,emfe,2,1,dP,,,
sasi,emfe,2,1,dP,,,
jegr,emfe,2,1,dP,,,
tikü,frwa,2,1,dP,,,
gisi,sabe,2,1,dP,,,
coci,nire,2,1,dP,,,
lubi,sabe,2,1,dP,,,
pahe,aula,2,1,dP,,,
frwa,inki,2,1,dP,,,
nire,sabe,2,1,dP,,,
aula,inki,2,1,dP,,,
sasi,sabe,2,1,dP,,,
jegr,sabe,2,1,dP,,,
tikü,jegr,2,1,dP,,,
sabe,jegr,2,1,dP,,,
lamo,nire,2,1,dP,,,
inki,aula,2,1,dP,,,
mldo,sabe,2,1,dP,,,
pise,nire,2,1,dP,,,
coci,lamo,2,1,dP,,,
tikü,pise,2,1,dP,,,
inki,pise,2,1,dP,,,
mldo,lamo,2,1,dP,,,
coci,frwa,2,1,dP,,,
tikü,aula,2,1,dP,,,
inki,aula,2,1,dP,,,
mldo,frwa,2,1,dP,,,
gisi,coci,2,1,dP,,,
coci,gisi,2,1,dP,,,
lubi,mldo,2,1,dP,,,
pahe,gisi,2,1,dP,,,
frwa,coci,2,1,dP,,,
emfe,mldo,2,1,dP,,,
sasi,mldo,2,1,dP,,,
jegr,emfe,2,1,dP,,,
tikü,gisi,2,1,dP,,,
lamo,emfe,2,1,dP,,,
inki,emfe,2,1,dP,,,
mldo,emfe,2,1,dP,,,
pise,gisi,2,1,dP,,,
gisi,coci,2,1,dP,,,
lubi,mldo,2,1,dP,,,
tikü,mldo,2,1,dP,,,
pise,mldo,2,1,dP,,,
tikü,emfe,,,,,2,
tikü,inki,,,,,2,
emfe,tikü,,,,,2,
inki,tikü,,,,,2,
SB,nire,,2,dP,,,
CE,chmo,,2,dP,,,
S&S,emfe,,2,dP,,,
AM,aula,,2,dP,,,
BAS,sasi,,2,dP,,,
BHA,nagr,,2,dP,,,2 Managements
FM,jegr,,2,dP,,,
SM,tikü,,2,dP,,,
SM,alri,,2,dP,,,
LU,chbr,,2,dP,,,
MF,saja,,2,AYTOVIP,,,
R,kenj,,2,AYTOVIP,,,
AM,sisa,,2,AYTOVIP,,,
R,xast,,2,AYTOVIP,,,
MP,anro,,2,AYTOVIP,,,
R,arie,,2,AYTOVIP,,,
RW,becm,,2,AYTOVIP,,,
H,elpi,,2,AYTOVIP,,,
H,joma,,2,AYTOVIP,,,
SM,nell,,2,AYTOVIP,,,
TMA,lefü,,2,AYTOVIP,,,
CP,cast,,2,AYTOVIP,,,
MM,joja,,2,AYTOVIP,,,
H,olgi,,2,AYTOVIP,,,
ISWT,jioc,,2,AYTOVIP,,,
RD,fipa,,2,LIVIP,,,
WAE,stst,,2,LIVIP,,,
R,mace,,2,LIVIP,,,
TSL,siho,,2,LIVIP,,,
S&S,jogü,,2,LIVIP,,,
SM,masp,,2,LIVIP,,,
SM,brpa,,2,LIVIP,,,
S&S,umte,,2,LIVIP,,,
TVM,jeig,,2,LIVIP,,,
BSM,garo,,2,LIVIP,,,
H,dibr,,2,LIVIP,,,
ST,tako,,2,LIVIP,,,
BA,joest,,2,LIVIP,,,
BAS,josst,,2,LIVIP,,,
S&S,jelo,,2,LIVIP,,,
CP,navo,,2,LIVIP,,,
RTM,paro,,2,IBeS,,,
R,saya,,2,IBeS,,,
E2R,evbe,,2,IBeS,,,
VM,giof,,2,IBeS,,,
SR,siba,,2,IBeS,,,
LVE,mimo,,2,IBeS,,,
MC,hakr,,2,IBeS,,,
MC,nibe,,2,IBeS,,,
paro,stdü,,,,1,,
paro,sigo,,,,1,,
paro,liba,,,,1,,
paro,rywö,,,,1,,
paro,makl,,,,1,,
paro,saya,,,,1,,
paro,siba,,,,1,,
paro,mimo,,,,1,,
paro,hakr,,,,1,,
paro,hufa,,,,1,,
paro,nibe,,,,1,,
saya,gifa,,,,1,,
saya,stdü,,,,1,,
saya,palj,,,,1,,
saya,loma,,,,1,,
saya,pahe,,,,1,,
saya,arie,,,,1,,
saya,becm,,,,1,,
saya,umte,,,,1,,
saya,paro,,,,1,,
saya,siba,,,,1,,
saya,mimo,,,,1,,
evbe,caka,,,,1,,
evbe,chok,,,,1,,
evbe,gifa,,,,1,,
evbe,lino,,,,1,,
evbe,sigo,,,,1,,
evbe,stsc,,,,1,,
evbe,jede,,,,1,,
evbe,saja,,,,1,,
evbe,saja,,,,1,,
evbe,sabe,,,,1,,
evbe,joja,,,,1,,
evbe,olgi,,,,1,,
evbe,fipa,,,,1,,
evbe,giof,,,,1,,
evbe,siba,,,,1,,
evbe,hakr,,,,1,,
evbe,hufa,,,,1,,
evbe,nibe,,,,1,,
siba,jehi,,,,1,,
siba,lino,,,,1,,
siba,stdü,,,,1,,
siba,gisi,,,,1,,
siba,umte,,,,1,,
siba,paro,,,,1,,
siba,saya,,,,1,,
siba,mimo,,,,1,,
siba,hakr,,,,1,,
siba,hufa,,,,1,,
siba,nibe,,,,1,,
mimo,stdü,,,,1,,
mimo,arie,,,,1,,
mimo,jioc,,,,1,,
sigo,tata,2,1,dShdS,,,
sigo,delo,2,1,dShdS,,,
stsc,tata,2,1,dShdS,,,
stsc,delo,2,1,dShdS,,,
hara,jede,2,1,dShdS,,,
hara,makl,2,1,dShdS,,,
pipa,jede,2,1,dShdS,,,
pipa,makl,2,1,dShdS,,,
joho,tata,2,1,dShdS,,,
joho,delo,2,1,dShdS,,,
tiho,tata,2,1,dShdS,,,
tiho,delo,2,1,dShdS,,,
tope,joho,2,1,dShdS,,,
tope,tiho,2,1,dShdS,,,
palj,joho,2,1,dShdS,,,
palj,tiho,2,1,dShdS,,,
liba,tata,2,1,dShdS,,,
liba,delo,2,1,dShdS,,,
rywö,tata,2,1,dShdS,,,
rywö,delo,2,1,dShdS,,,
edpi,joho,2,1,dShdS,,,
edpi,tiho,2,1,dShdS,,,
mikl,joho,2,1,dShdS,,,
mikl,tiho,2,1,dShdS,,,
jede,hara,2,1,dShdS,,,
jede,pipa,2,1,dShdS,,,
makl,hara,2,1,dShdS,,,
makl,pipa,2,1,dShdS,,,
tata,joho,2,1,dShdS,,,
tata,tiho,2,1,dShdS,,,
delo,joho,2,1,dShdS,,,
delo,tiho,2,1,dShdS,,,
sigo,delo,2,1,dShdS,,,
sigo,tata,2,1,dShdS,,,
stsc,delo,2,1,dShdS,,,
stsc,tata,2,1,dShdS,,,
joho,tata,2,1,dShdS,,,
joho,delo,2,1,dShdS,,,
tiho,tata,2,1,dShdS,,,
tiho,delo,2,1,dShdS,,,
tope,liba,2,1,dShdS,,,
tope,rywö,2,1,dShdS,,,
palj,liba,2,1,dShdS,,,
palj,rywö,2,1,dShdS,,,
liba,tata,2,1,dShdS,,,
liba,delo,2,1,dShdS,,,
rywö,tata,2,1,dShdS,,,
rywö,delo,2,1,dShdS,,,
edpi,liba,2,1,dShdS,,,
edpi,rywö,2,1,dShdS,,,
mikl,liba,2,1,dShdS,,,
mikl,rywö,2,1,dShdS,,,
jede,liba,2,1,dShdS,,,
jede,rywö,2,1,dShdS,,,
makl,liba,2,1,dShdS,,,
makl,rywö,2,1,dShdS,,,
tata,joho,2,1,dShdS,,,
tata,tiho,2,1,dShdS,,,
delo,joho,2,1,dShdS,,,
delo,tiho,2,1,dShdS,,,
sigo,palj,2,1,dShdS,,,
sigo,tope,2,1,dShdS,,,
stsc,palj,2,1,dShdS,,,
stsc,tope,2,1,dShdS,,,
joho,palj,2,1,dShdS,,,
joho,tope,2,1,dShdS,,,
tiho,palj,2,1,dShdS,,,
tiho,tope,2,1,dShdS,,,
tope,joho,2,1,dShdS,,,
tope,tiho,2,1,dShdS,,,
palj,joho,2,1,dShdS,,,
palj,tiho,2,1,dShdS,,,
edpi,joho,2,1,dShdS,,,
edpi,tiho,2,1,dShdS,,,
mikl,joho,2,1,dShdS,,,
mikl,tiho,2,1,dShdS,,,
jede,joho,2,1,dShdS,,,
jede,tiho,2,1,dShdS,,,
makl,joho,2,1,dShdS,,,
makl,tiho,2,1,dShdS,,,
tata,palj,2,1,dShdS,,,
tata,tope,2,1,dShdS,,,
delo,palj,2,1,dShdS,,,
delo,tope,2,1,dShdS,,,
paza,joho,2,1,dShdS,,,
paza,tiho,2,1,dShdS,,,
loma,joho,2,1,dShdS,,,
loma,tiho,2,1,dShdS,,,
saja,joho,2,1,dShdS,,,
saja,tiho,2,1,dShdS,,,
ersi,joho,2,1,dShdS,,,
ersi,tiho,2,1,dShdS,,,
sigo,jede,2,1,dShdS,,,
sigo,makl,2,1,dShdS,,,
stsc,jede,2,1,dShdS,,,
stsc,makl,2,1,dShdS,,,
edpi,loma,2,1,dShdS,,,
edpi,paza,2,1,dShdS,,,
mikl,loma,2,1,dShdS,,,
mikl,paza,2,1,dShdS,,,
jede,loma,2,1,dShdS,,,
jede,paza,2,1,dShdS,,,
makl,loma,2,1,dShdS,,,
makl,paza,2,1,dShdS,,,
tata,edpi,2,1,dShdS,,,
tata,mikl,2,1,dShdS,,,
delo,edpi,2,1,dShdS,,,
delo,mikl,2,1,dShdS,,,
paza,edpi,2,1,dShdS,,,
paza,mikl,2,1,dShdS,,,
loma,edpi,2,1,dShdS,,,
loma,mikl,2,1,dShdS,,,
saja,loma,2,1,dShdS,,,
saja,paza,2,1,dShdS,,,
ersi,loma,2,1,dShdS,,,
ersi,paza,2,1,dShdS,,,
sigo,edpi,2,1,dShdS,,,
sigo,mikl,2,1,dShdS,,,
stsc,edpi,2,1,dShdS,,,
stsc,mikl,2,1,dShdS,,,
edpi,sigo,2,1,dShdS,,,
edpi,stsc,2,1,dShdS,,,
mikl,sigo,2,1,dShdS,,,
mikl,stsc,2,1,dShdS,,,
jede,sigo,2,1,dShdS,,,
jede,stsc,2,1,dShdS,,,
makl,sigo,2,1,dShdS,,,
makl,stsc,2,1,dShdS,,,
tata,sigo,2,1,dShdS,,,
tata,stsc,2,1,dShdS,,,
delo,sigo,2,1,dShdS,,,
delo,stsc,2,1,dShdS,,,
saja,delo,2,1,dShdS,,,
saja,tata,2,1,dShdS,,,
ersi,delo,2,1,dShdS,,,
ersi,tata,2,1,dShdS,,,
sigo,stsc,,,,,1,
stsc,sigo,,,,,1,
hara,pipa,,,,,1,
pipa,hara,,,,,1,
joho,tiho,,,,,1,
tiho,joho,,,,,1,
tope,palj,,,,,1,
palj,tope,,,,,1,
liba,rywö,,,,,1,
rywö,liba,,,,,1,
edpi,mikl,,,,,1,
mikl,edpi,,,,,1,
jede,makl,,,,,1,
makl,jede,,,,,1,
paza,loma,,,,,1,
loma,paza,,,,,1,
saja,ersi,,,,,1,
ersi,saja,,,,,1,
tata,delo,,,,,1,
delo,tata,,,,,1,
inki,gisi,,,,1,,
inki,lubi,,,,1,,
inki,frwa,,,,1,,
inki,nire,,,,1,,
inki,chmo,,,,1,,
inki,alki,,,,1,,
inki,alri,,,,1,,
inki,sabe,,,,1,,
inki,lamo,,,,1,,
inki,mldo,,,,1,,
inki,pise,,,,1,,
jegr,coci,,,,1,,
jegr,nire,,,,1,,
jegr,aula,,,,1,,
jegr,nagr,,,,1,,
jegr,sabe,,,,1,,
jegr,lamo,,,,1,,
jegr,mldo,,,,1,,
chbr,gisi,,,,1,,
chbr,coci,,,,1,,
chbr,lubi,,,,1,,
chbr,frwa,,,,1,,
chbr,nire,,,,1,,
chbr,chmo,,,,1,,
chbr,alki,,,,1,,
chbr,aula,,,,1,,
chbr,sasi,,,,1,,
chbr,alri,,,,1,,
chbr,sabe,,,,1,,
pahe,coci,,,,1,,
pahe,lubi,,,,1,,
pahe,tikü,,,,1,,
coci,lubi,,,,1,,
coci,pahe,,,,1,,
coci,frwa,,,,1,,
coci,chmo,,,,1,,
coci,sasi,,,,1,,
coci,jegr,,,,1,,
coci,alri,,,,1,,
coci,chbr,,,,1,,
coci,sabe,,,,1,,
coci,lamo,,,,1,,
coci,mldo,,,,1,,
coci,pise,,,,1,,
nagr,gisi,,,,1,,
nagr,lubi,,,,1,,
nagr,frwa,,,,1,,
nagr,nire,,,,1,,
nagr,emfe,,,,1,,
nagr,aula,,,,1,,
nagr,sasi,,,,1,,
nagr,jegr,,,,1,,
nagr,alri,,,,1,,
nagr,sabe,,,,1,,
nagr,lamo,,,,1,,
nire,lubi,,,,1,,
nire,pahe,,,,1,,
nire,frwa,,,,1,,
nire,alki,,,,1,,
nire,aula,,,,1,,
nire,sasi,,,,1,,
nire,nagr,,,,1,,
nire,jegr,,,,1,,
nire,tikü,,,,1,,
nire,alri,,,,1,,
nire,chbr,,,,1,,
nire,inki,,,,1,,
lamo,gisi,,,,1,,
lamo,coci,,,,1,,
lamo,lubi,,,,1,,
lamo,frwa,,,,1,,
lamo,emfe,,,,1,,
lamo,aula,,,,1,,
lamo,sasi,,,,1,,
lamo,nagr,,,,1,,
lamo,jegr,,,,1,,
lamo,tikü,,,,1,,
lamo,chbr,,,,1,,
lamo,sabe,,,,1,,
lamo,inki,,,,1,,
lamo,pise,,,,1,,
frwa,gisi,,,,1,,
frwa,coci,,,,1,,
frwa,lubi,,,,1,,
frwa,pahe,,,,1,,
frwa,nire,,,,1,,
frwa,alki,,,,1,,
frwa,emfe,,,,1,,
frwa,aula,,,,1,,
frwa,sasi,,,,1,,
frwa,nagr,,,,1,,
frwa,jegr,,,,1,,
frwa,tikü,,,,1,,
frwa,alri,,,,1,,
frwa,chbr,,,,1,,
frwa,sabe,,,,1,,
frwa,lamo,,,,1,,
frwa,inki,,,,1,,
frwa,mldo,,,,1,,
frwa,pise,,,,1,,
alki,gisi,,,,1,,
alki,frwa,,,,1,,
alki,nire,,,,1,,
alki,aula,,,,1,,
alki,tikü,,,,1,,
alki,chbr,,,,1,,
alki,inki,,,,1,,
tikü,lubi,,,,1,,
tikü,pahe,,,,1,,
tikü,nire,,,,1,,
tikü,aula,,,,1,,
tikü,sasi,,,,1,,
sasi,gisi,,,,1,,
sasi,frwa,,,,1,,
sasi,nire,,,,1,,
sasi,nagr,,,,1,,
sasi,tikü,,,,1,,
sasi,chbr,,,,1,,
lubi,coci,,,,1,,
lubi,pahe,,,,1,,
lubi,frwa,,,,1,,
lubi,nire,,,,1,,
lubi,emfe,,,,1,,
lubi,aula,,,,1,,
lubi,sasi,,,,1,,
lubi,nagr,,,,1,,
lubi,tikü,,,,1,,
lubi,chbr,,,,1,,
lubi,lamo,,,,1,,
lubi,inki,,,,1,,
emfe,lubi,,,,1,,
emfe,pahe,,,,1,,
emfe,aula,,,,1,,
emfe,nagr,,,,1,,
emfe,sabe,,,,1,,
emfe,lamo,,,,1,,
emfe,pise,,,,1,,
mldo,coci,,,,1,,
mldo,frwa,,,,1,,
mldo,chmo,,,,1,,
mldo,aula,,,,1,,
mldo,jegr,,,,1,,
mldo,alri,,,,1,,
mldo,chbr,,,,1,,
mldo,inki,,,,1,,
chmo,coci,,,,1,,
chmo,lubi,,,,1,,
chmo,aula,,,,1,,
chmo,chbr,,,,1,,
chmo,inki,,,,1,,
chmo,mldo,,,,1,,
pise,coci,,,,1,,
pise,frwa,,,,1,,
pise,nire,,,,1,,
pise,emfe,,,,1,,
pise,sabe,,,,1,,
pise,lamo,,,,1,,
pise,inki,,,,1,,
aula,lubi,,,,1,,
aula,chmo,,,,1,,
aula,emfe,,,,1,,
aula,nagr,,,,1,,
aula,jegr,,,,1,,
aula,tikü,,,,1,,
aula,alri,,,,1,,
aula,chbr,,,,1,,
aula,lamo,,,,1,,
sabe,gisi,,,,1,,
sabe,coci,,,,1,,
sabe,lubi,,,,1,,
sabe,pahe,,,,1,,
sabe,frwa,,,,1,,
sabe,chmo,,,,1,,
sabe,emfe,,,,1,,
sabe,sasi,,,,1,,
sabe,nagr,,,,1,,
sabe,jegr,,,,1,,
sabe,tikü,,,,1,,
sabe,alri,,,,1,,
sabe,chbr,,,,1,,
sabe,lamo,,,,1,,
sabe,inki,,,,1,,
sabe,pise,,,,1,,
alri,gisi,,,,1,,
alri,coci,,,,1,,
alri,frwa,,,,1,,
alri,nire,,,,1,,
alri,aula,,,,1,,
alri,nagr,,,,1,,
alri,chbr,,,,1,,
alri,sabe,,,,1,,
alri,inki,,,,1,,
alri,mldo,,,,1,,
paza,loma,,,,2,1,
yasy,umte,,,,2,,
ersi,mikl,,,,2,,
pise,lamo,,,,2,,
pise,gifa,,,,2,,
edpi,mikl,,,,,3,
gisi,siba,,,,2,,
lubi,garo,,,,2,,
lubi,dicv,,,,2,1,
lubi,tikü,,,,2,,
frwa,lubi,,,,2,,
frwa,pahe,,,,2,,
frwa,sasi,,,,2,,
nire,tikü,,,,2,,
nire,sasi,,,,2,,
alki,chbr,,,,2,,
sasi,josst,,,,2,,
sasi,tikü,,,,2,,
sasi,pahe,,,,,2,
sasi,chbr,,,,2,,
tikü,lefü,,,,2,,
inki,lamo,,,,2,,
saja,palj,,,,2,,
saja,hasu,,,,2,,
saja,aula,,,,2,,
elpi,arie,,,,2,,
nell,dibr,,,,2,1,
nell,garo,,,,2,,
caog,tikü,,,,2,,
olgi,anro,,,,2,1,
rogr,sisa,,,,2,,
rogr,nell,,,,2,,
rogr,joma,,,,2,,
rogr,nikö,,,,2,,
rogr,cast,,,,2,,
rogr,caog,,,,2,,
sisa,nell,,,,2,,
sisa,joma,,,,2,,
sisa,nikö,,,,2,,
sisa,cast,,,,2,,
sisa,caog,,,,2,,
stst,josst,,,,2,3,
stst,dicv,,,,2,,
stst,garo,,,,2,,
stst,jelo,,,,2,,
stst,joest,,,,2,,
stst,tako,,,,2,,
stst,lale,,,,2,,
stst,umte,,,,2,,
stst,yasy,,,,2,,
stst,fipa,,,,2,,
stst,liga,,,,2,,
stst,jeig,,,,2,,
stst,jogü,,,,2,,
stst,navo,,,,2,,
stst,mace,,,,2,,
mace,fipa,,,,2,,
mace,umte,,,,2,,
mace,jost,,,,2,,
liga,tako,,,,2,,
liga,jelo,,,,2,,
liga,jeig,,,,2,,
dicv,jost,,,,2,,
dicv,joma,,,,2,,
dicv,umte,,,,2,,
umte,paro,,,,2,,
jost,umte,,,,2,,
nell,garo,,,,2,,
dicv,garo,,,,2,,
jost,garo,,,,2,,
jeig,garo,,,,2,,
dibr,umte,,,,2,,
dibr,fipa,,,,2,,
joest,siho,,,,2,,
joest,jelo,,,,2,,
josst,jelo,,,,2,,
josst,jost,,,,2,,
josst,dibr,,,,2,,
josst,masp,,,,2,,
josst,garo,,,,2,,
josst,yasy,,,,2,,
josst,lale,,,,2,,
jelo,joest,,,,2,,
saya,arie,,,,2,,
saya,mimo,,,,2,,
saya,umte,,,,2,,
evbe,giof,,,,2,,
evbe,hufa,,,,2,,
hufa,giof,,,,2,,
hufa,mimo,,,,2,,
hufa,siba,,,,2,,
mimo,paro,,,,2,,
hufa,paro,,,,2,,
nibe,umte,,,,2,,
nibe,hakr,,,,2,,
nibe,hufa,,,,2,,
nibe,siba,,,,2,,
yasy,fipa,,,,2,,
yasy,josst,,,,2,,
yasy,umte,,,,2,,
yasy,masp,,,,2,,