from,to,vote,relation,show,instagram,love
stdü,aisi,2,1,KdRS,0,0
gifa,aisi,2,1,KdRS,0,0
delo,anse,1,1,KdRS,0,0
jehi,anre,1,1,KdRS,0,0
anse,lino,1,1,KdRS,1,0
dawe,anse,1,1,KdRS,0,0
anre,lino,1,1,KdRS,1,0
lino,anre,1,1,KdRS,1,0
mase,anse,1,1,KdRS,0,0
hasu,anse,1,1,KdRS,1,0
caka,anse,2,1,KdRS,1,0
anla,anse,2,1,KdRS,1,0
chok,dawe,2,1,KdRS,0,0
pise,dawe,2,1,KdRS,0,0
gifa,mase,1,1,KdRS,0,0
caka,hasu,1,1,KdRS,1,0
stdü,anre,1,1,KdRS,1,0
jehi,mase,1,1,KdRS,0,0
anre,stdü,1,1,KdRS,1,0
delo,hasu,1,1,KdRS,0,0
hasu,mase,1,1,KdRS,0,0
mase,hasu,1,1,KdRS,0,0
anla,mase,1,1,KdRS,0,0
shfi,hasu,2,1,KdRS,0,0
maan,hasu,2,1,KdRS,1,0
gifa,chok,1,1,KdRS,0,0
pise,anla,1,1,KdRS,1,0
anre,mase,1,1,KdRS,0,0
mase,anre,1,1,KdRS,1,0
anla,chok,1,1,KdRS,0,0
chok,anla,1,1,KdRS,0,0
caka,chok,1,1,KdRS,0,0
stdü,anla,1,1,KdRS,1,0
delo,chok,1,1,KdRS,0,0
tata,mase,2,1,KdRS,0,0
jost,mase,2,1,KdRS,0,0
caka,stdü,1,1,KdRS,1,0
delo,stdü,1,1,KdRS,0,0
gifa,caka,1,1,KdRS,1,0
jehi,caka,1,1,KdRS,0,0
jost,stdü,1,1,KdRS,2,0
maan,caka,1,1,KdRS,0,0
pise,delo,1,1,KdRS,0,0
stdü,delo,1,1,KdRS,1,0
tata,caka,1,1,KdRS,1,0
anre,caka,1,1,KdRS,0,0
bekl,anre,1,1,KdRS,1,0
caka,anre,1,1,KdRS,1,0
delo,anre,1,1,KdRS,1,0
frfu,caka,1,1,KdRS,0,0
jost,anre,1,1,KdRS,0,0
lale,anre,1,1,KdRS,0,0
maan,anre,1,1,KdRS,0,0
pise,caka,1,1,KdRS,1,0
stdü,caka,1,1,KdRS,2,0
bekl,stdü,1,1,KdRS,1,0
frfu,bekl,1,1,KdRS,1,0
gifa,stdü,1,1,KdRS,0,0
jehi,stdü,1,1,KdRS,0,0
lale,stdü,1,1,KdRS,0,0
maan,bekl,1,1,KdRS,0,0
pise,bekl,1,1,KdRS,0,0
stdü,bekl,1,1,KdRS,1,0
tata,stdü,1,1,KdRS,0,0
aisi,gifa,1,1,KdRS,0,0
anse,gifa,1,1,KdRS,0,0
anre,jehi,1,1,KdRS,0,0
bekl,maan,1,1,KdRS,0,0
caka,jehi,1,1,KdRS,1,0
dawe,pise,1,1,KdRS,0,0
delo,pise,1,1,KdRS,0,0
frfu,jost,1,1,KdRS,1,0
gifa,bekl,1,1,KdRS,0,0
jehi,pise,1,1,KdRS,0,0
jost,jehi,1,1,KdRS,1,0
lale,bekl,1,1,KdRS,0,0
lino,jehi,1,1,KdRS,0,0
mase,jehi,1,1,KdRS,0,0
pise,jehi,1,1,KdRS,0,0
shfi,jehi,1,1,KdRS,0,0
stdü,jehi,1,1,KdRS,0,0
tata,bekl,1,1,KdRS,1,0
BR,anla,0,2,KdRS,0,0
RP,anre,0,2,KdRS,0,0
KIM,bekl,0,2,KdRS,0,0
RTM,chok,0,2,KdRS,0,0
SG,dawe,0,2,KdRS,0,0
R,delo,0,2,KdRS,0,0
K3,frfu,0,2,KdRS,0,0
AM,hasu,0,2,KdRS,0,0
PPA,jost,0,2,KdRS,0,0
H,lino,0,2,KdRS,0,0
RW,maan,0,2,KdRS,0,0
S,mase,0,2,KdRS,0,0
H,tata,0,2,KdRS,0,0
S&S,pise,0,2,KdRS,0,0
caka,lale,0,0,KdRS,0,1
caka,tata,0,0,KdRS,0,1
lale,caka,0,0,KdRS,0,1
dawe,hasu,0,0,KdRS,0,1
hasu,dawe,0,0,KdRS,0,1
anla,caka,0,0,0,2,0
chok,coci,0,0,0,2,0
chok,caka,0,0,0,2,0
chok,frfu,0,0,0,2,0
caka,fipa,0,0,0,2,0
brpa,dawe,0,0,0,2,0
delo,aisi,0,0,0,2,0
delo,tata,0,0,0,2,2
tata,delo,0,0,0,2,2
dawe,delo,0,0,0,2,0
delo,dawe,0,0,0,2,0
garo,delo,0,0,0,2,0
delo,garo,0,0,0,2,0
tata,garo,0,0,0,2,0
garo,tata,0,0,0,2,0
tata,dawe,0,0,0,2,0
dawe,tata,0,0,0,2,0
garo,dawe,0,0,0,2,0
dawe,garo,0,0,0,2,0
hasu,sisa,0,0,0,2,0
jost,tako,0,0,0,2,0
tako,jost,0,0,0,2,0
jost,dibr,0,0,0,2,0
dibr,jost,0,0,0,2,0
jost,rywö,0,0,0,2,0
nagr,lale,0,0,0,2,0
lale,nagr,0,0,0,2,0
stdü,jost,0,0,0,2,0
stdü,paro,0,0,0,2,0
stdü,giof,0,0,0,2,0
stdü,frfu,0,0,0,2,0
stdü,tata,0,0,0,2,0
stdü,lale,0,0,0,2,0
stdü,umte,0,0,0,2,0
umte,stst,0,0,0,2,0
umte,mace,0,0,0,2,0
mace,umte,0,0,0,2,0
umte,dicv,0,0,0,2,0
dicv,umte,0,0,0,2,0
jost,umte,0,0,0,2,0
umte,jost,0,0,0,2,0
stsc,sigo,0,0,0,2,2
sigo,stsc,0,0,0,2,2
hara,mase,0,0,0,2,0
joho,tiho,0,0,0,2,2
tiho,joho,0,0,0,2,2
tope,palj,0,0,0,2,2
palj,tope,0,0,0,2,2
liba,rywö,0,0,0,2,2
rywö,liba,0,0,0,2,2
jioc,liba,0,0,0,2,0
liba,jioc,0,0,0,2,0
jede,makl,0,0,0,2,2
makl,jede,0,0,0,2,2
PL,sigo,0,2,dShdS,0,0
PL,stsc,0,2,dShdS,0,0
PPM,hara,0,2,dShdS,0,0
TH,joho,0,2,dShdS,0,0
TH,tiho,0,2,dShdS,0,0
KAM,tope,0,2,dShdS,0,0
KAM,palj,0,2,dShdS,0,0
R,liba,0,2,dShdS,0,0
R,rywö,0,2,dShdS,0,0
BA,edpi,0,2,dShdS,0,0
R48,mikl,0,2,dShdS,0,0
S&S,jede,0,2,dShdS,0,0
NWG,makl,0,2,dShdS,0,0
FM,paza,0,2,dShdS,0,0
FM,loma,0,2,dShdS,0,0
aisi,lino,0,0,0,1,0
anla,anre,0,0,0,1,0
anla,bekl,0,0,0,1,0
anla,delo,0,0,0,1,0
anla,gifa,0,0,0,1,0
anla,jost,0,0,0,1,0
anla,lino,0,0,0,1,0
anla,pise,0,0,0,1,0
anla,shfi,0,0,0,1,0
anla,stdü,0,0,0,1,0
anla,tata,0,0,0,1,0
anla,coci,0,0,0,1,0
anla,sabe,0,0,0,1,0
anla,arie,0,0,0,1,0
anla,jeig,0,0,0,1,0
anla,tako,0,0,0,1,0
anse,aisi,0,0,0,1,0
anse,anla,0,0,0,1,0
anse,anre,0,0,0,1,0
anse,caka,0,0,0,1,0
anse,chok,0,0,0,1,0
anse,frfu,0,0,0,1,0
anse,hasu,0,0,0,1,0
anse,jost,0,0,0,1,0
anse,lale,0,0,0,1,0
anse,maan,0,0,0,1,0
anse,pise,0,0,0,1,0
anse,shfi,0,0,0,1,0
anse,stdü,0,0,0,1,0
anse,nagr,0,0,0,1,0
anre,anla,0,0,0,1,0
anre,anse,0,0,0,1,0
anre,caka,0,0,0,1,0
anre,chok,0,0,0,1,0
anre,delo,0,0,0,1,0
anre,frfu,0,0,0,1,0
anre,gifa,0,0,0,1,0
anre,hasu,0,0,0,1,0
anre,jost,0,0,0,1,0
anre,lale,0,0,0,1,0
anre,maan,0,0,0,1,0
anre,pise,0,0,0,1,0
anre,shfi,0,0,0,1,0
anre,tata,0,0,0,1,0
anre,gisi,0,0,0,1,0
anre,coci,0,0,0,1,0
anre,lubi,0,0,0,1,0
anre,giof,0,0,0,1,0
anre,mimo,0,0,0,1,0
anre,hakr,0,0,0,1,0
anre,hufe,0,0,0,1,0
bekl,anla,0,0,0,1,0
bekl,anse,0,0,0,1,0
bekl,caka,0,0,0,1,0
bekl,chok,0,0,0,1,0
bekl,dawe,0,0,0,1,0
bekl,delo,0,0,0,1,0
bekl,frfu,0,0,0,1,0
bekl,hasu,0,0,0,1,0
bekl,jehi,0,0,0,1,0
bekl,jost,0,0,0,1,0
bekl,lino,0,0,0,1,0
bekl,shfi,0,0,0,1,0
bekl,tata,0,0,0,1,0
bekl,stsc,0,0,0,1,0
bekl,mikl,0,0,0,1,0
bekl,jede,0,0,0,1,0
bekl,sarja,0,0,0,1,0
bekl,ersi,0,0,0,1,0
bekl,coci,0,0,0,1,0
bekl,jioc,0,0,0,1,0
bekl,stst,0,0,0,1,0
bekl,umte,0,0,0,1,0
caka,aisi,0,0,0,1,0
caka,anla,0,0,0,1,0
caka,bekl,0,0,0,1,0
caka,delo,0,0,0,1,0
caka,gifa,0,0,0,1,0
caka,jost,0,0,0,1,0
caka,lino,0,0,0,1,0
caka,pise,0,0,0,1,0
caka,shfi,0,0,0,1,0
caka,tope,0,0,0,1,0
caka,palj,0,0,0,1,0
caka,edpi,0,0,0,1,0
caka,mikl,0,0,0,1,0
caka,lubi,0,0,0,1,0
caka,sasi,0,0,0,1,0
caka,lamo,0,0,0,1,0
caka,inki,0,0,0,1,0
caka,kenj,0,0,0,1,0
caka,cast,0,0,0,1,0
caka,olgi,0,0,0,1,0
caka,stst,0,0,0,1,0
caka,umte,0,0,0,1,0
caka,tako,0,0,0,1,0
chok,anse,0,0,0,1,0
chok,anre,0,0,0,1,0
chok,jost,0,0,0,1,0
chok,maan,0,0,0,1,0
chok,pise,0,0,0,1,0
chok,stdü,0,0,0,1,0
chok,stsc,0,0,0,1,0
chok,palj,0,0,0,1,0
chok,mikl,0,0,0,1,0
chok,jede,0,0,0,1,0
chok,makl,0,0,0,1,0
chok,sarja,0,0,0,1,0
chok,ersi,0,0,0,1,0
chok,sabe,0,0,0,1,0
chok,lamo,0,0,0,1,0
chok,bekl,0,0,0,1,0
chok,umte,0,0,0,1,0
chok,evbe,0,0,0,1,0
dawe,frfu,0,0,0,1,0
dawe,jehi,0,0,0,1,0
dawe,mikl,0,0,0,1,0
dawe,tikü,0,0,0,1,0
dawe,jioc,0,0,0,1,0
delo,anla,0,0,0,1,0
delo,caka,0,0,0,1,0
delo,gifa,0,0,0,1,0
delo,jehi,0,0,0,1,0
delo,jost,0,0,0,1,0
delo,lino,0,0,0,1,0
delo,maan,0,0,0,1,0
delo,jede,0,0,0,1,0
delo,makl,0,0,0,1,0
delo,paza,0,0,0,1,0
delo,loma,0,0,0,1,0
delo,sarja,0,0,0,1,0
delo,ersi,0,0,0,1,0
delo,coci,0,0,0,1,0
delo,lubi,0,0,0,1,0
delo,brpa,0,0,0,1,0
delo,umte,0,0,0,1,0
gifa,anla,0,0,0,1,0
gifa,anre,0,0,0,1,0
gifa,delo,0,0,0,1,0
gifa,lino,0,0,0,1,0
gifa,pise,0,0,0,1,0
gifa,tata,0,0,0,1,0
gifa,jede,0,0,0,1,0
gifa,sarja,0,0,0,1,0
gifa,lamo,0,0,0,1,0
gifa,arie,0,0,0,1,0
gifa,becm,0,0,0,1,0
gifa,saya,0,0,0,1,0
gifa,evbe,0,0,0,1,0
hasu,anre,0,0,0,1,0
hasu,caka,0,0,0,1,0
hasu,frfu,0,0,0,1,0
hasu,lale,0,0,0,1,0
hasu,lino,0,0,0,1,0
hasu,maan,0,0,0,1,0
hasu,pise,0,0,0,1,0
hasu,stdü,0,0,0,1,0
hasu,tata,0,0,0,1,0
hasu,palj,0,0,0,1,0
hasu,jede,0,0,0,1,0
hasu,lubi,0,0,0,1,0
hasu,aula,0,0,0,1,0
hasu,nagr,0,0,0,1,0
hasu,lamo,0,0,0,1,0
hasu,becm,0,0,0,1,0
hasu,lefü,0,0,0,1,0
hasu,jioc,0,0,0,1,0
hasu,joest,0,0,0,1,0
hasu,jelo,0,0,0,1,0
jost,anla,0,0,0,1,0
jost,anse,0,0,0,1,0
jost,bekl,0,0,0,1,0
jost,caka,0,0,0,1,0
jost,chok,0,0,0,1,0
jost,delo,0,0,0,1,0
jost,frfu,0,0,0,1,0
jost,lale,0,0,0,1,0
jost,lino,0,0,0,1,0
jost,maan,0,0,0,1,0
jost,pise,0,0,0,1,0
jost,tata,0,0,0,1,0
jost,tope,0,0,0,1,0
jost,palj,0,0,0,1,0
jost,edpi,0,0,0,1,0
jost,mikl,0,0,0,1,0
jost,makl,0,0,0,1,0
jost,paza,0,0,0,1,0
jost,loma,0,0,0,1,0
jost,sarja,0,0,0,1,0
jost,ersi,0,0,0,1,0
jost,coci,0,0,0,1,0
jost,lubi,0,0,0,1,0
jost,chmo,0,0,0,1,0
jost,sasi,0,0,0,1,0
jost,nagr,0,0,0,1,0
jost,tikü,0,0,0,1,0
jost,sabe,0,0,0,1,0
jost,lamo,0,0,0,1,0
jost,inki,0,0,0,1,0
jost,sanja,0,0,0,1,0
jost,kenj,0,0,0,1,0
jost,henn,0,0,0,1,0
jost,joma,0,0,0,1,0
jost,nell,0,0,0,1,0
jost,lefü,0,0,0,1,0
jost,caog,0,0,0,1,0
jost,lenn,0,0,0,1,0
jost,olgi,0,0,0,1,0
jost,jioc,0,0,0,1,0
jost,stst,0,0,0,1,0
jost,liga,0,0,0,1,0
jost,yasy,0,0,0,1,0
jost,dicv,0,0,0,1,0
jost,jogü,0,0,0,1,0
jost,masp,0,0,0,1,0
jost,brpa,0,0,0,1,0
jost,jeig,0,0,0,1,0
jost,joest,0,0,0,1,0
jost,josst,0,0,0,1,0
jost,jelo,0,0,0,1,0
jost,navo,0,0,0,1,0
lale,hasu,0,0,0,1,0
lale,jost,0,0,0,1,0
lale,lino,0,0,0,1,0
lale,maan,0,0,0,1,0
lale,pise,0,0,0,1,0
lale,palj,0,0,0,1,0
lale,lamo,0,0,0,1,0
lale,anro,0,0,0,1,0
lale,elpi,0,0,0,1,0
lale,henn,0,0,0,1,0
lale,brpa,0,0,0,1,0
lale,garo,0,0,0,1,0
lale,tako,0,0,0,1,0
lale,joest,0,0,0,1,0
lale,jelo,0,0,0,1,0
lino,aisi,0,0,0,1,0
lino,anla,0,0,0,1,0
lino,anse,0,0,0,1,0
lino,bekl,0,0,0,1,0
lino,caka,0,0,0,1,0
lino,delo,0,0,0,1,0
lino,gifa,0,0,0,1,0
lino,hasu,0,0,0,1,0
lino,jost,0,0,0,1,0
lino,lale,0,0,0,1,0
lino,maan,0,0,0,1,0
lino,pise,0,0,0,1,0
lino,stdü,0,0,0,1,0
lino,tata,0,0,0,1,0
lino,sarja,0,0,0,1,0
lino,gisi,0,0,0,1,0
lino,coci,0,0,0,1,0
lino,sabe,0,0,0,1,0
lino,becm,0,0,0,1,0
lino,nell,0,0,0,1,0
lino,fipa,0,0,0,1,0
lino,dicv,0,0,0,1,0
lino,evbe,0,0,0,1,0
lino,hufe,0,0,0,1,0
maan,delo,0,0,0,1,0
maan,jost,0,0,0,1,0
maan,lale,0,0,0,1,0
maan,lino,0,0,0,1,0
maan,pise,0,0,0,1,0
maan,stdü,0,0,0,1,0
maan,tata,0,0,0,1,0
maan,dicv,0,0,0,1,0
mase,bekl,0,0,0,1,0
mase,caka,0,0,0,1,0
mase,delo,0,0,0,1,0
mase,frfu,0,0,0,1,0
mase,maan,0,0,0,1,0
mase,shfi,0,0,0,1,0
mase,stdü,0,0,0,1,0
shfi,anla,0,0,0,1,0
shfi,anse,0,0,0,1,0
shfi,anre,0,0,0,1,0
shfi,bekl,0,0,0,1,0
shfi,caka,0,0,0,1,0
shfi,pise,0,0,0,1,0
shfi,stdü,0,0,0,1,0
stdü,anse,0,0,0,1,0
stdü,chok,0,0,0,1,0
stdü,dawe,0,0,0,1,0
stdü,gifa,0,0,0,1,0
stdü,hasu,0,0,0,1,0
stdü,lino,0,0,0,1,0
stdü,maan,0,0,0,1,0
stdü,pise,0,0,0,1,0
stdü,shfi,0,0,0,1,0
stdü,stsc,0,0,0,1,0
stdü,tope,0,0,0,1,0
stdü,arie,0,0,0,1,0
stdü,jioc,0,0,0,1,0
stdü,fipa,0,0,0,1,0
stdü,navo,0,0,0,1,0
stdü,saya,0,0,0,1,0
stdü,evbe,0,0,0,1,0
stdü,mimo,0,0,0,1,0
stdü,hakr,0,0,0,1,0
stdü,hufe,0,0,0,1,0
tata,anla,0,0,0,1,0
tata,anre,0,0,0,1,0
tata,frfu,0,0,0,1,0
tata,gifa,0,0,0,1,0
tata,hasu,0,0,0,1,0
tata,jehi,0,0,0,1,0
tata,jost,0,0,0,1,0
tata,lino,0,0,0,1,0
tata,maan,0,0,0,1,0
tata,pise,0,0,0,1,0
tata,hara,0,0,0,1,0
tata,liba,0,0,0,1,0
tata,rywö,0,0,0,1,0
tata,jede,0,0,0,1,0
tata,makl,0,0,0,1,0
tata,paza,0,0,0,1,0
tata,loma,0,0,0,1,0
tata,sarja,0,0,0,1,0
tata,coci,0,0,0,1,0
tata,aula,0,0,0,1,0
tata,sasi,0,0,0,1,0
tata,jegr,0,0,0,1,0
tata,tikü,0,0,0,1,0
tata,chbr,0,0,0,1,0
tata,lamo,0,0,0,1,0
tata,kenj,0,0,0,1,0
tata,becm,0,0,0,1,0
tata,elpi,0,0,0,1,0
tata,cast,0,0,0,1,0
tata,olgi,0,0,0,1,0
tata,siho,0,0,0,1,0
tata,yasy,0,0,0,1,0
tata,umte,0,0,0,1,0
tata,jeig,0,0,0,1,0
tata,tako,0,0,0,1,0
tata,joest,0,0,0,1,0
tata,navo,0,0,0,1,0
sigo,chok,0,0,0,1,0
sigo,sarja,0,0,0,1,0
sigo,paro,0,0,0,1,0
stsc,bekl,0,0,0,1,0
stsc,chok,0,0,0,1,0
stsc,stdü,0,0,0,1,0
stsc,joho,0,0,0,1,0
stsc,tiho,0,0,0,1,0
stsc,liba,0,0,0,1,0
stsc,rywö,0,0,0,1,0
stsc,paza,0,0,0,1,0
stsc,loma,0,0,0,1,0
stsc,sarja,0,0,0,1,0
stsc,elpi,0,0,0,1,0
hara,tata,0,0,0,1,0
hara,pipa,0,0,0,1,2
hara,edpi,0,0,0,1,0
hara,gisi,0,0,0,1,0
pipa,pise,0,0,0,1,0
pipa,tata,0,0,0,1,0
pipa,elpi,0,0,0,1,0
pise,anse,0,0,0,1,0
pise,anre,0,0,0,1,0
pise,chok,0,0,0,1,0
pise,frfu,0,0,0,1,0
pise,hasu,0,0,0,1,0
pise,jost,0,0,0,1,0
pise,lale,0,0,0,1,0
pise,lino,0,0,0,1,0
pise,maan,0,0,0,1,0
pise,shfi,0,0,0,1,0
pise,stdü,0,0,0,1,0
pise,tata,0,0,0,1,0
pise,coci,0,0,0,1,0
pise,inki,0,0,0,1,0
pise,dicv,0,0,0,1,0
pise,umte,0,0,0,1,0
tiho,stsc,0,0,0,1,0
tiho,liba,0,0,0,1,0
tiho,rywö,0,0,0,1,0
tope,caka,0,0,0,1,0
tope,jost,0,0,0,1,0
tope,mikl,0,0,0,1,0
tope,jede,0,0,0,1,0
tope,makl,0,0,0,1,0
tope,ersi,0,0,0,1,0
tope,coci,0,0,0,1,0
tope,pahe,0,0,0,1,0
tope,nagr,0,0,0,1,0
tope,chbr,0,0,0,1,0
tope,cast,0,0,0,1,0
tope,fipa,0,0,0,1,0
tope,jogü,0,0,0,1,0
tope,umte,0,0,0,1,0
tope,josst,0,0,0,1,0
palj,caka,0,0,0,1,0
palj,chok,0,0,0,1,0
palj,delo,0,0,0,1,0
palj,hasu,0,0,0,1,0
palj,jost,0,0,0,1,0
palj,lale,0,0,0,1,0
palj,maan,0,0,0,1,0
palj,tata,0,0,0,1,0
palj,liba,0,0,0,1,0
palj,edpi,0,0,0,1,0
palj,mikl,0,0,0,1,0
palj,jede,0,0,0,1,0
palj,makl,0,0,0,1,0
palj,emfe,0,0,0,1,0
palj,nagr,0,0,0,1,0
palj,tikü,0,0,0,1,0
palj,chbr,0,0,0,1,0
palj,lamo,0,0,0,1,0
palj,becm,0,0,0,1,0
palj,elpi,0,0,0,1,0
palj,henn,0,0,0,1,0
palj,joma,0,0,0,1,0
palj,vimi,0,0,0,1,0
palj,cast,0,0,0,1,0
palj,stst,0,0,0,1,0
palj,jeig,0,0,0,1,0
palj,garo,0,0,0,1,0
palj,tako,0,0,0,1,0
palj,saya,0,0,0,1,0
palj,hufe,0,0,0,1,0
frfu,anla,0,0,0,1,0
frfu,anse,0,0,0,1,0
frfu,anre,0,0,0,1,0
frfu,chok,0,0,0,1,0
frfu,dawe,0,0,0,1,0
frfu,delo,0,0,0,1,0
frfu,hasu,0,0,0,1,0
frfu,jehi,0,0,0,1,0
frfu,mase,0,0,0,1,0
frfu,pise,0,0,0,1,0
frfu,stdü,0,0,0,1,0
frfu,tata,0,0,0,1,0
frfu,coci,0,0,0,1,0
frfu,chbr,0,0,0,1,0
liba,stsc,0,0,0,1,0
liba,tiho,0,0,0,1,0
liba,palj,0,0,0,1,0
liba,jede,0,0,0,1,0
liba,makl,0,0,0,1,0
liba,loma,0,0,0,1,0
liba,emfe,0,0,0,1,0
liba,nagr,0,0,0,1,0
liba,arie,0,0,0,1,0
liba,henn,0,0,0,1,0
liba,joma,0,0,0,1,0
liba,tako,0,0,0,1,0
rywö,jost,0,0,0,1,0
rywö,stsc,0,0,0,1,0
rywö,joho,0,0,0,1,0
rywö,tiho,0,0,0,1,0
rywö,jede,0,0,0,1,0
rywö,makl,0,0,0,1,0
rywö,paza,0,0,0,1,0
rywö,tikü,0,0,0,1,0
rywö,xast,0,0,0,1,0
rywö,caog,0,0,0,1,0
rywö,olgi,0,0,0,1,0
rywö,paro,0,0,0,1,0
edpi,caka,0,0,0,1,0
edpi,jost,0,0,0,1,0
edpi,lale,0,0,0,1,0
edpi,tata,0,0,0,1,0
edpi,hara,0,0,0,1,0
edpi,palj,0,0,0,1,0
edpi,jede,0,0,0,1,0
edpi,sarja,0,0,0,1,0
edpi,emfe,0,0,0,1,0
edpi,jegr,0,0,0,1,0
edpi,anro,0,0,0,1,0
edpi,becm,0,0,0,1,0
edpi,elpi,0,0,0,1,0
edpi,henn,0,0,0,1,0
edpi,joma,0,0,0,1,0
edpi,stst,0,0,0,1,0
edpi,liga,0,0,0,1,0
edpi,dicv,0,0,0,1,0
edpi,jogü,0,0,0,1,0
edpi,umte,0,0,0,1,0
edpi,joest,0,0,0,1,0
mikl,bekl,0,0,0,1,0
mikl,caka,0,0,0,1,0
mikl,chok,0,0,0,1,0
mikl,dawe,0,0,0,1,0
mikl,delo,0,0,0,1,0
mikl,jost,0,0,0,1,0
mikl,tata,0,0,0,1,0
mikl,tope,0,0,0,1,0
mikl,palj,0,0,0,1,0
mikl,jede,0,0,0,1,0
mikl,makl,0,0,0,1,0
mikl,sarja,0,0,0,1,0
mikl,ersi,0,0,0,1,0
mikl,lubi,0,0,0,1,0
mikl,chbr,0,0,0,1,0
mikl,becm,0,0,0,1,0
mikl,rogr,0,0,0,1,0
mikl,joma,0,0,0,1,0
mikl,umte,0,0,0,1,0
mikl,garo,0,0,0,1,0
jede,chok,0,0,0,1,0
jede,delo,0,0,0,1,0
jede,gifa,0,0,0,1,0
jede,hasu,0,0,0,1,0
jede,tata,0,0,0,1,0
jede,tope,0,0,0,1,0
jede,palj,0,0,0,1,0
jede,edpi,0,0,0,1,0
jede,mikl,0,0,0,1,0
jede,sarja,0,0,0,1,0
jede,coci,0,0,0,1,0
jede,nire,0,0,0,1,0
jede,nagr,0,0,0,1,0
jede,jegr,0,0,0,1,0
jede,chbr,0,0,0,1,0
jede,lamo,0,0,0,1,0
jede,inki,0,0,0,1,0
jede,becm,0,0,0,1,0
jede,henn,0,0,0,1,0
jede,joma,0,0,0,1,0
jede,liga,0,0,0,1,0
jede,siho,0,0,0,1,0
jede,masp,0,0,0,1,0
jede,umte,0,0,0,1,0
jede,jeig,0,0,0,1,0
jede,garo,0,0,0,1,0
jede,tako,0,0,0,1,0
jede,joest,0,0,0,1,0
jede,jelo,0,0,0,1,0
jede,evbe,0,0,0,1,0
makl,chok,0,0,0,1,0
makl,delo,0,0,0,1,0
makl,jost,0,0,0,1,0
makl,tata,0,0,0,1,0
makl,tope,0,0,0,1,0
makl,palj,0,0,0,1,0
makl,mikl,0,0,0,1,0
makl,sarja,0,0,0,1,0
makl,ersi,0,0,0,1,0
makl,coci,0,0,0,1,0
makl,pahe,0,0,0,1,0
makl,nire,0,0,0,1,0
makl,chbr,0,0,0,1,0
makl,becm,0,0,0,1,0
makl,lefü,0,0,0,1,0
makl,joja,0,0,0,1,0
makl,olgi,0,0,0,1,0
makl,umte,0,0,0,1,0
makl,jeig,0,0,0,1,0
makl,jelo,0,0,0,1,0
makl,paro,0,0,0,1,0
paza,delo,0,0,0,1,0
paza,jost,0,0,0,1,0
paza,tata,0,0,0,1,0
paza,stsc,0,0,0,1,0
paza,joho,0,0,0,1,0
paza,liba,0,0,0,1,0
paza,rywö,0,0,0,1,0
paza,ersi,0,0,0,1,0
paza,sasi,0,0,0,1,0
paza,umte,0,0,0,1,0
paza,josst,0,0,0,1,0
paza,jelo,0,0,0,1,0
loma,delo,0,0,0,1,0
loma,jost,0,0,0,1,0
loma,tata,0,0,0,1,0
loma,stsc,0,0,0,1,0
loma,liba,0,0,0,1,0
loma,alri,0,0,0,1,0
loma,sabe,0,0,0,1,0
loma,sanja,0,0,0,1,0
loma,jelo,0,0,0,1,0
loma,saya,0,0,0,1,0
ersi,bekl,0,0,0,1,0
ersi,chok,0,0,0,1,0
ersi,jost,0,0,0,1,0
ersi,tope,0,0,0,1,0
ersi,makl,0,0,0,1,0
ersi,lubi,0,0,0,1,0
ersi,cast,0,0,0,1,0
ersi,siho,0,0,0,1,0
ersi,umte,0,0,0,1,0
sarja,hasu,0,0,0,1,0
sarja,jost,0,0,0,1,0
sarja,palj,0,0,0,1,0
sarja,aula,0,0,0,1,0
sarja,kenj,0,0,0,1,0
sarja,sisa,0,0,0,1,0
sarja,anro,0,0,0,1,0
sarja,arie,0,0,0,1,0
sarja,becm,0,0,0,1,0
sarja,elpi,0,0,0,1,0
sarja,henn,0,0,0,1,0
sarja,joma,0,0,0,1,0
sarja,nell,0,0,0,1,0
sarja,lefü,0,0,0,1,0
sarja,caog,0,0,0,1,0
sarja,cast,0,0,0,1,0
sarja,joja,0,0,0,1,0
sarja,olgi,0,0,0,1,0
sarja,rogr,0,0,0,1,0
sisa,hasu,0,0,0,1,0
sisa,coci,0,0,0,1,0
sisa,aula,0,0,0,1,0
sisa,jegr,0,0,0,1,0
sisa,sanja,0,0,0,1,0
sisa,kenj,0,0,0,1,0
sisa,xast,0,0,0,1,0
sisa,anro,0,0,0,1,0
sisa,henn,0,0,0,1,0
sisa,lefü,0,0,0,1,0
sisa,olgi,0,0,0,1,0
sisa,jioc,0,0,0,1,0
sisa,siho,0,0,0,1,0
sisa,umte,0,0,0,1,0
xast,rywö,0,0,0,1,0
xast,edpi,0,0,0,1,0
xast,lubi,0,0,0,1,0
xast,pahe,0,0,0,1,0
xast,jegr,0,0,0,1,0
xast,lamo,0,0,0,1,0
xast,sisa,0,0,0,1,0
xast,henn,0,0,0,1,0
xast,lefü,0,0,0,1,0
xast,caog,0,0,0,1,0
xast,cast,0,0,0,1,0
xast,joja,0,0,0,1,0
xast,olgi,0,0,0,1,0
xast,rogr,0,0,0,1,0
anro,lale,0,0,0,1,0
anro,edpi,0,0,0,1,0
anro,nagr,0,0,0,1,0
anro,sanja,0,0,0,1,0
anro,kenj,0,0,0,1,0
anro,sisa,0,0,0,1,0
anro,henn,0,0,0,1,0
anro,joma,0,0,0,1,0
anro,caog,0,0,0,1,0
anro,joja,0,0,0,1,0
anro,rogr,0,0,0,1,0
anro,joest,0,0,0,1,0
anro,jelo,0,0,0,1,0
arie,anla,0,0,0,1,0
arie,gifa,0,0,0,1,0
arie,liba,0,0,0,1,0
arie,coci,0,0,0,1,0
arie,sanja,0,0,0,1,0
arie,becm,0,0,0,1,0
arie,elpi,0,0,0,1,0
arie,joma,0,0,0,1,0
arie,cast,0,0,0,1,0
arie,dicv,0,0,0,1,0
arie,brpa,0,0,0,1,0
arie,umte,0,0,0,1,0
arie,saya,0,0,0,1,0
arie,mimo,0,0,0,1,0
becm,chok,0,0,0,1,0
becm,gifa,0,0,0,1,0
becm,hasu,0,0,0,1,0
becm,lino,0,0,0,1,0
becm,tata,0,0,0,1,0
becm,palj,0,0,0,1,0
becm,edpi,0,0,0,1,0
becm,mikl,0,0,0,1,0
becm,jede,0,0,0,1,0
becm,makl,0,0,0,1,0
becm,coci,0,0,0,1,0
becm,lubi,0,0,0,1,0
becm,chbr,0,0,0,1,0
becm,sanja,0,0,0,1,0
becm,kenj,0,0,0,1,0
becm,elpi,0,0,0,1,0
becm,lefü,0,0,0,1,0
becm,caog,0,0,0,1,0
becm,cast,0,0,0,1,0
becm,joja,0,0,0,1,0
becm,rogr,0,0,0,1,0
becm,siho,0,0,0,1,0
becm,yasy,0,0,0,1,0
becm,umte,0,0,0,1,0
becm,garo,0,0,0,1,0
becm,tako,0,0,0,1,0
becm,joest,0,0,0,1,0
becm,navo,0,0,0,1,0
becm,saya,0,0,0,1,0
elpi,lale,0,0,0,1,0
elpi,tata,0,0,0,1,0
elpi,stsc,0,0,0,1,0
elpi,palj,0,0,0,1,0
elpi,edpi,0,0,0,1,0
elpi,lubi,0,0,0,1,0
elpi,nagr,0,0,0,1,0
elpi,sanja,0,0,0,1,0
elpi,becm,0,0,0,1,0
elpi,joma,0,0,0,1,0
elpi,vimi,0,0,0,1,0
elpi,caog,0,0,0,1,0
elpi,joja,0,0,0,1,0
elpi,rogr,0,0,0,1,0
elpi,siho,0,0,0,1,0
elpi,jeig,0,0,0,1,0
elpi,garo,0,0,0,1,0
elpi,joest,0,0,0,1,0
elpi,jelo,0,0,0,1,0
elpi,saya,0,0,0,1,0
henn,bekl,0,0,0,1,0
henn,jost,0,0,0,1,0
henn,lale,0,0,0,1,0
henn,palj,0,0,0,1,0
henn,liba,0,0,0,1,0
henn,edpi,0,0,0,1,0
henn,jede,0,0,0,1,0
henn,gisi,0,0,0,1,0
henn,coci,0,0,0,1,0
henn,emfe,0,0,0,1,0
henn,aula,0,0,0,1,0
henn,nagr,0,0,0,1,0
henn,tikü,0,0,0,1,0
henn,sabe,0,0,0,1,0
henn,inki,0,0,0,1,0
henn,sanja,0,0,0,1,0
henn,kenj,0,0,0,1,0
henn,sisa,0,0,0,1,0
henn,xast,0,0,0,1,0
henn,anro,0,0,0,1,0
henn,nell,0,0,0,1,0
henn,lefü,0,0,0,1,0
henn,caog,0,0,0,1,0
henn,joja,0,0,0,1,0
henn,lenn,0,0,0,1,0
henn,olgi,0,0,0,1,0
henn,rogr,0,0,0,1,0
henn,jioc,0,0,0,1,0
henn,jeig,0,0,0,1,0
henn,tako,0,0,0,1,0
joma,jost,0,0,0,1,0
joma,palj,0,0,0,1,0
joma,liba,0,0,0,1,0
joma,edpi,0,0,0,1,0
joma,jede,0,0,0,1,0
joma,aula,0,0,0,1,0
joma,tikü,0,0,0,1,0
joma,sanja,0,0,0,1,0
joma,kenj,0,0,0,1,0
joma,sisa,0,0,0,1,0
joma,anro,0,0,0,1,0
joma,arie,0,0,0,1,0
joma,elpi,0,0,0,1,0
joma,nell,0,0,0,1,0
joma,caog,0,0,0,1,0
joma,joja,0,0,0,1,0
joma,nikö,0,0,0,1,0
joma,rogr,0,0,0,1,0
joma,dicv,0,0,0,1,0
joma,jeig,0,0,0,1,0
joma,garo,0,0,0,1,0
joma,dibr,0,0,0,1,0
joma,joest,0,0,0,1,0
joma,jelo,0,0,0,1,0
nell,jost,0,0,0,1,0
nell,lino,0,0,0,1,0
nell,sanja,0,0,0,1,0
nell,kenj,0,0,0,1,0
nell,henn,0,0,0,1,0
nell,joma,0,0,0,1,0
nell,jioc,0,0,0,1,0
nell,jeig,0,0,0,1,0
nell,tako,0,0,0,1,0
nell,josst,0,0,0,1,0
vimi,tope,0,0,0,1,0
vimi,palj,0,0,0,1,0
vimi,elpi,0,0,0,1,0
vimi,henn,0,0,0,1,0
vimi,nell,0,0,0,1,0
vimi,lefü,0,0,0,1,0
vimi,liga,0,0,0,1,0
vimi,siho,0,0,0,1,0
lefü,hasu,0,0,0,1,0
lefü,jost,0,0,0,1,0
lefü,makl,0,0,0,1,0
lefü,coci,0,0,0,1,0
lefü,nagr,0,0,0,1,0
lefü,jegr,0,0,0,1,0
lefü,lamo,0,0,0,1,0
lefü,inki,0,0,0,1,0
lefü,sanja,0,0,0,1,0
lefü,kenj,0,0,0,1,0
lefü,sisa,0,0,0,1,0
lefü,xast,0,0,0,1,0
lefü,becm,0,0,0,1,0
lefü,henn,0,0,0,1,0
lefü,caog,0,0,0,1,0
lefü,joja,0,0,0,1,0
lefü,lenn,0,0,0,1,0
lefü,olgi,0,0,0,1,0
lefü,rogr,0,0,0,1,0
lefü,liga,0,0,0,1,0
lefü,siho,0,0,0,1,0
lefü,yasy,0,0,0,1,0
lefü,dicv,0,0,0,1,0
lefü,jeig,0,0,0,1,0
lefü,joest,0,0,0,1,0
lefü,jelo,0,0,0,1,0
caog,jost,0,0,0,1,0
caog,rywö,0,0,0,1,0
caog,coci,0,0,0,1,0
caog,lubi,0,0,0,1,0
caog,pahe,0,0,0,1,0
caog,emfe,0,0,0,1,0
caog,sanja,0,0,0,1,0
caog,kenj,0,0,0,1,0
caog,sisa,0,0,0,1,0
caog,xast,0,0,0,1,0
caog,anro,0,0,0,1,0
caog,arie,0,0,0,1,0
caog,becm,0,0,0,1,0
caog,elpi,0,0,0,1,0
caog,henn,0,0,0,1,0
caog,joma,0,0,0,1,0
caog,lefü,0,0,0,1,0
caog,cast,0,0,0,1,0
caog,joja,0,0,0,1,0
caog,lenn,0,0,0,1,0
caog,olgi,0,0,0,1,0
caog,rogr,0,0,0,1,0
caog,jioc,0,0,0,1,0
caog,umte,0,0,0,1,0
caog,joest,0,0,0,1,0
caog,jelo,0,0,0,1,0
cast,caka,0,0,0,1,0
cast,tata,0,0,0,1,0
cast,tope,0,0,0,1,0
cast,palj,0,0,0,1,0
cast,lubi,0,0,0,1,0
cast,tikü,0,0,0,1,0
cast,sanja,0,0,0,1,0
cast,kenj,0,0,0,1,0
cast,sisa,0,0,0,1,0
cast,xast,0,0,0,1,0
cast,arie,0,0,0,1,0
cast,becm,0,0,0,1,0
cast,caog,0,0,0,1,0
cast,joja,0,0,0,1,0
cast,olgi,0,0,0,1,0
cast,rogr,0,0,0,1,0
cast,jioc,0,0,0,1,0
cast,fipa,0,0,0,1,0
cast,siho,0,0,0,1,0
cast,dicv,0,0,0,1,0
cast,tako,0,0,0,1,0
cast,josst,0,0,0,1,0
cast,saya,0,0,0,1,0
cast,mimo,0,0,0,1,0
joja,makl,0,0,0,1,0
joja,sanja,0,0,0,1,0
joja,kenj,0,0,0,1,0
joja,xast,0,0,0,1,0
joja,anro,0,0,0,1,0
joja,becm,0,0,0,1,0
joja,elpi,0,0,0,1,0
joja,henn,0,0,0,1,0
joja,joma,0,0,0,1,0
joja,lefü,0,0,0,1,0
joja,caog,0,0,0,1,0
joja,cast,0,0,0,1,0
joja,lenn,0,0,0,1,0
joja,olgi,0,0,0,1,0
joja,rogr,0,0,0,1,0
joja,jioc,0,0,0,1,0
joja,yasy,0,0,0,1,0
joja,tako,0,0,0,1,0
joja,evbe,0,0,0,1,0
lenn,jost,0,0,0,1,0
lenn,lefü,0,0,0,1,0
lenn,caog,0,0,0,1,0
lenn,joja,0,0,0,1,0
lenn,rogr,0,0,0,1,0
lenn,jioc,0,0,0,1,0
nikö,xast,0,0,0,1,0
nikö,becm,0,0,0,1,0
nikö,cast,0,0,0,1,0
nikö,joja,0,0,0,1,0
nikö,rogr,0,0,0,1,0
olgi,caka,0,0,0,1,0
olgi,jost,0,0,0,1,0
olgi,rywö,0,0,0,1,0
olgi,makl,0,0,0,1,0
olgi,sanja,0,0,0,1,0
olgi,kenj,0,0,0,1,0
olgi,sisa,0,0,0,1,0
olgi,xast,0,0,0,1,0
olgi,henn,0,0,0,1,0
olgi,lefü,0,0,0,1,0
olgi,caog,0,0,0,1,0
olgi,cast,0,0,0,1,0
olgi,joja,0,0,0,1,0
olgi,rogr,0,0,0,1,0
olgi,jioc,0,0,0,1,0
rogr,mikl,0,0,0,1,0
rogr,sanja,0,0,0,1,0
rogr,kenj,0,0,0,1,0
rogr,anro,0,0,0,1,0
rogr,becm,0,0,0,1,0
rogr,elpi,0,0,0,1,0
rogr,henn,0,0,0,1,0
rogr,lefü,0,0,0,1,0
rogr,joja,0,0,0,1,0
rogr,lenn,0,0,0,1,0
rogr,olgi,0,0,0,1,0
rogr,jioc,0,0,0,1,0
rogr,garo,0,0,0,1,0
jioc,bekl,0,0,0,1,0
jioc,dawe,0,0,0,1,0
jioc,hasu,0,0,0,1,0
jioc,jost,0,0,0,1,0
jioc,pahe,0,0,0,1,0
jioc,sisa,0,0,0,1,0
jioc,henn,0,0,0,1,0
jioc,nell,0,0,0,1,0
jioc,caog,0,0,0,1,0
jioc,cast,0,0,0,1,0
jioc,joja,0,0,0,1,0
jioc,lenn,0,0,0,1,0
jioc,nikö,0,0,0,1,0
jioc,olgi,0,0,0,1,0
jioc,rogr,0,0,0,1,0
jioc,liga,0,0,0,1,0
jioc,hakr,0,0,0,1,0
kenj,caka,0,0,0,1,0
kenj,jost,0,0,0,1,0
kenj,tata,0,0,0,1,0
kenj,lubi,0,0,0,1,0
kenj,pahe,0,0,0,1,0
kenj,sasi,0,0,0,1,0
kenj,jegr,0,0,0,1,0
kenj,tikü,0,0,0,1,0
kenj,chbr,0,0,0,1,0
kenj,sanja,0,0,0,1,0
kenj,sisa,0,0,0,1,0
kenj,anro,0,0,0,1,0
kenj,becm,0,0,0,1,0
kenj,henn,0,0,0,1,0
kenj,joma,0,0,0,1,0
kenj,nell,0,0,0,1,0
kenj,lefü,0,0,0,1,0
kenj,caog,0,0,0,1,0
kenj,cast,0,0,0,1,0
kenj,joja,0,0,0,1,0
kenj,olgi,0,0,0,1,0
kenj,rogr,0,0,0,1,0
kenj,stst,0,0,0,1,0
kenj,tako,0,0,0,1,0
kenj,joest,0,0,0,1,0
kenj,jelo,0,0,0,1,0
jost,nikö,0,0,0,1,0
sanja,nikö,0,0,0,1,0
xast,nikö,0,0,0,1,0
anro,nikö,0,0,0,1,0
becm,nikö,0,0,0,1,0
cast,nikö,0,0,0,1,0
joja,nikö,0,0,0,1,0
lenn,nikö,0,0,0,1,0
olgi,nikö,0,0,0,1,0
caog,nikö,0,0,0,1,0
henn,nikö,0,0,0,1,0
gisi,alki,1,1,dP,0,0
coci,alki,1,1,dP,0,0
pahe,sasi,1,1,dP,0,0
frwa,sasi,1,1,dP,2,0
nire,alki,1,1,dP,2,0
chmo,sasi,1,1,dP,0,0
alki,coci,1,1,dP,0,0
emfe,sasi,1,1,dP,0,0
sasi,alki,1,1,dP,0,0
tikü,sasi,1,1,dP,1,0
alri,sasi,1,1,dP,0,0
chbr,alki,1,1,dP,0,0
inki,sasi,1,1,dP,0,0
pise,sasi,1,1,dP,0,0
pahe,chbr,1,1,dP,0,0
frwa,alki,1,1,dP,1,0
emfe,chbr,1,1,dP,0,0
aula,alki,1,1,dP,0,0
tikü,alki,1,1,dP,0,0
inki,alki,1,1,dP,1,0
mldo,chbr,2,1,dP,1,0
gisi,pise,1,1,dP,0,0
coci,nagr,1,1,dP,0,0
pahe,nagr,1,1,dP,0,0
frwa,pise,1,1,dP,1,0
nire,pise,1,1,dP,0,0
emfe,nagr,1,1,dP,1,0
aula,pise,1,1,dP,0,0
sasi,pise,1,1,dP,0,0
nagr,pise,1,1,dP,0,0
tikü,nagr,1,1,dP,0,0
sabe,mldo,1,1,dP,0,0
inki,nagr,1,1,dP,0,0
mldo,nagr,1,1,dP,0,0
pise,nagr,1,1,dP,0,0
gisi,emfe,1,1,dP,0,0
coci,frwa,1,1,dP,1,0
pahe,frwa,1,1,dP,0,0
nire,emfe,1,1,dP,0,0
aula,emfe,1,1,dP,1,0
sasi,emfe,1,1,dP,0,0
jegr,emfe,1,1,dP,0,0
tikü,frwa,1,1,dP,0,0
gisi,sabe,1,1,dP,0,0
coci,nire,1,1,dP,0,0
lubi,sabe,1,1,dP,0,0
pahe,aula,1,1,dP,0,0
frwa,inki,1,1,dP,1,0
nire,sabe,1,1,dP,0,0
aula,inki,1,1,dP,0,0
sasi,sabe,1,1,dP,0,0
jegr,sabe,1,1,dP,1,0
tikü,jegr,1,1,dP,0,0
sabe,jegr,1,1,dP,1,0
lamo,nire,1,1,dP,0,0
inki,aula,1,1,dP,0,0
mldo,sabe,1,1,dP,0,0
pise,nire,1,1,dP,1,0
coci,lamo,1,1,dP,1,0
tikü,pise,1,1,dP,0,0
inki,pise,1,1,dP,1,0
mldo,lamo,1,1,dP,0,0
tikü,aula,1,1,dP,1,0
mldo,frwa,1,1,dP,1,0
gisi,coci,1,1,dP,0,0
coci,gisi,1,1,dP,0,0
lubi,mldo,1,1,dP,0,0
pahe,gisi,1,1,dP,0,0
frwa,coci,1,1,dP,1,0
emfe,mldo,1,1,dP,0,0
sasi,mldo,1,1,dP,0,0
tikü,gisi,1,1,dP,0,0
lamo,emfe,1,1,dP,1,0
inki,emfe,1,1,dP,0,0
mldo,emfe,1,1,dP,0,0
pise,gisi,1,1,dP,0,0
tikü,mldo,1,1,dP,0,0
pise,mldo,1,1,dP,0,0
tikü,emfe,0,0,dP,0,1
tikü,inki,0,0,dP,0,1
emfe,tikü,0,0,dP,0,1
inki,tikü,0,0,dP,0,1
SB,nire,0,2,dP,0,0
CE,chmo,0,2,dP,0,0
S&S,emfe,0,2,dP,0,0
AM,aula,0,2,dP,0,0
BAS,sasi,0,2,dP,0,0
BHA,nagr,0,2,dP,0,0
FM,jegr,0,2,dP,0,0
SM,tikü,0,2,dP,0,0
SM,alri,0,2,dP,0,0
LU,chbr,0,2,dP,0,0
MF,sanja,0,2,AYTOVIP,0,0
R,kenj,0,2,AYTOVIP,0,0
AM,sisa,0,2,AYTOVIP,0,0
R,xast,0,2,AYTOVIP,0,0
MP,anro,0,2,AYTOVIP,0,0
R,arie,0,2,AYTOVIP,0,0
RW,becm,0,2,AYTOVIP,0,0
H,elpi,0,2,AYTOVIP,0,0
H,joma,0,2,AYTOVIP,0,0
SM,nell,0,2,AYTOVIP,0,0
TMA,lefü,0,2,AYTOVIP,0,0
CP,cast,0,2,AYTOVIP,0,0
MM,joja,0,2,AYTOVIP,0,0
H,olgi,0,2,AYTOVIP,0,0
ISWT,jioc,0,2,AYTOVIP,0,0
RD,fipa,0,2,LIVIP,0,0
WAE,stst,0,2,LIVIP,0,0
R,mace,0,2,LIVIP,0,0
TSL,siho,0,2,LIVIP,0,0
S&S,jogü,0,2,LIVIP,0,0
SM,masp,0,2,LIVIP,0,0
SM,brpa,0,2,LIVIP,0,0
S&S,umte,0,2,LIVIP,0,0
TVM,jeig,0,2,LIVIP,0,0
BSM,garo,0,2,LIVIP,0,0
H,dibr,0,2,LIVIP,0,0
ST,tako,0,2,LIVIP,0,0
BA,joest,0,2,LIVIP,0,0
BAS,josst,0,2,LIVIP,0,0
S&S,jelo,0,2,LIVIP,0,0
CP,navo,0,2,LIVIP,0,0
fipa,lino,0,0,0,1,0
fipa,tope,0,0,0,1,0
fipa,coci,0,0,0,1,0
fipa,lubi,0,0,0,1,0
fipa,liga,0,0,0,1,0
fipa,yasy,0,0,0,1,0
fipa,jogü,0,0,0,1,0
fipa,umte,0,0,0,1,0
fipa,jeig,0,0,0,1,0
fipa,dibr,0,0,0,1,0
fipa,joest,0,0,0,1,0
fipa,josst,0,0,0,1,0
fipa,jelo,0,0,0,1,0
fipa,navo,0,0,0,1,0
stst,caka,0,0,0,1,0
stst,palj,0,0,0,1,0
stst,gisi,0,0,0,1,0
stst,lubi,0,0,0,1,0
stst,coci,0,0,0,1,0
stst,sasi,0,0,0,1,0
stst,tikü,0,0,0,1,0
stst,kenj,0,0,0,1,0
stst,caog,0,0,0,1,0
stst,siho,0,0,0,1,0
stst,jeig,0,0,0,1,0
stst,hufe,0,0,0,1,0
mace,caka,0,0,0,1,0
mace,dawe,0,0,0,1,0
mace,delo,0,0,0,1,0
mace,hasu,0,0,0,1,0
mace,lino,0,0,0,1,0
mace,maan,0,0,0,1,0
mace,stdü,0,0,0,1,0
mace,lubi,0,0,0,1,0
mace,sisa,0,0,0,1,0
mace,arie,0,0,0,1,0
mace,elpi,0,0,0,1,0
mace,cast,0,0,0,1,0
mace,olgi,0,0,0,1,0
mace,stst,0,0,0,1,0
mace,siho,0,0,0,1,0
mace,yasy,0,0,0,1,0
mace,dicv,0,0,0,1,0
mace,jogü,0,0,0,1,0
mace,brpa,0,0,0,1,0
mace,jeig,0,0,0,1,0
mace,garo,0,0,0,1,0
mace,dibr,0,0,0,1,0
mace,tako,0,0,0,1,0
mace,josst,0,0,0,1,0
mace,jelo,0,0,0,1,0
mace,navo,0,0,0,1,0
mace,saya,0,0,0,1,0
liga,jost,0,0,0,1,0
liga,tata,0,0,0,1,0
liga,palj,0,0,0,1,0
liga,liba,0,0,0,1,0
liga,edpi,0,0,0,1,0
liga,jede,0,0,0,1,0
liga,lubi,0,0,0,1,0
liga,pahe,0,0,0,1,0
liga,aula,0,0,0,1,0
liga,tikü,0,0,0,1,0
liga,sanja,0,0,0,1,0
liga,kenj,0,0,0,1,0
liga,arie,0,0,0,1,0
liga,joma,0,0,0,1,0
liga,vimi,0,0,0,1,0
liga,lefü,0,0,0,1,0
liga,jioc,0,0,0,1,0
liga,fipa,0,0,0,1,0
liga,siho,0,0,0,1,0
liga,yasy,0,0,0,1,0
liga,dicv,0,0,0,1,0
liga,masp,0,0,0,1,0
liga,brpa,0,0,0,1,0
liga,umte,0,0,0,1,0
liga,garo,0,0,0,1,0
liga,joest,0,0,0,1,0
liga,josst,0,0,0,1,0
liga,saya,0,0,0,1,0
siho,tata,0,0,0,1,0
siho,jede,0,0,0,1,0
siho,ersi,0,0,0,1,0
siho,coci,0,0,0,1,0
siho,lubi,0,0,0,1,0
siho,nagr,0,0,0,1,0
siho,tikü,0,0,0,1,0
siho,chbr,0,0,0,1,0
siho,inki,0,0,0,1,0
siho,sisa,0,0,0,1,0
siho,becm,0,0,0,1,0
siho,elpi,0,0,0,1,0
siho,vimi,0,0,0,1,0
siho,lefü,0,0,0,1,0
siho,cast,0,0,0,1,0
siho,stst,0,0,0,1,0
siho,mace,0,0,0,1,0
siho,liga,0,0,0,1,0
siho,yasy,0,0,0,1,0
siho,dicv,0,0,0,1,0
siho,umte,0,0,0,1,0
siho,jeig,0,0,0,1,0
siho,garo,0,0,0,1,0
siho,tako,0,0,0,1,0
siho,josst,0,0,0,1,0
siho,jelo,0,0,0,1,0
siho,navo,0,0,0,1,0
yasy,jost,0,0,0,1,0
yasy,tata,0,0,0,1,0
yasy,rywö,0,0,0,1,0
yasy,emfe,0,0,0,1,0
yasy,sasi,0,0,0,1,0
yasy,tikü,0,0,0,1,0
yasy,arie,0,0,0,1,0
yasy,becm,0,0,0,1,0
yasy,lefü,0,0,0,1,0
yasy,joja,0,0,0,1,0
yasy,stst,0,0,0,1,0
yasy,mace,0,0,0,1,0
yasy,liga,0,0,0,1,0
yasy,siho,0,0,0,1,0
yasy,dicv,0,0,0,1,0
yasy,jogü,0,0,0,1,0
yasy,brpa,0,0,0,1,0
yasy,jeig,0,0,0,1,0
yasy,garo,0,0,0,1,0
yasy,dibr,0,0,0,1,0
yasy,joest,0,0,0,1,0
yasy,jelo,0,0,0,1,0
yasy,navo,0,0,0,1,0
yasy,saya,0,0,0,1,0
dicv,lino,0,0,0,1,0
dicv,maan,0,0,0,1,0
dicv,pise,0,0,0,1,0
dicv,edpi,0,0,0,1,0
dicv,coci,0,0,0,1,0
dicv,nagr,0,0,0,1,0
dicv,chbr,0,0,0,1,0
dicv,arie,0,0,0,1,0
dicv,lefü,0,0,0,1,0
dicv,cast,0,0,0,1,0
dicv,mace,0,0,0,1,0
dicv,liga,0,0,0,1,0
dicv,siho,0,0,0,1,0
dicv,yasy,0,0,0,1,0
dicv,jogü,0,0,0,1,0
dicv,masp,0,0,0,1,0
dicv,brpa,0,0,0,1,0
dicv,jeig,0,0,0,1,0
dicv,dibr,0,0,0,1,0
dicv,tako,0,0,0,1,0
dicv,josst,0,0,0,1,0
jogü,jost,0,0,0,1,0
jogü,tope,0,0,0,1,0
jogü,edpi,0,0,0,1,0
jogü,mikl,0,0,0,1,0
jogü,lubi,0,0,0,1,0
jogü,aula,0,0,0,1,0
jogü,tikü,0,0,0,1,0
jogü,fipa,0,0,0,1,0
jogü,stst,0,0,0,1,0
jogü,mace,0,0,0,1,0
jogü,yasy,0,0,0,1,0
jogü,umte,0,0,0,1,0
jogü,dibr,0,0,0,1,0
jogü,josst,0,0,0,1,0
jogü,jelo,0,0,0,1,0
jogü,navo,0,0,0,1,0
masp,jost,0,0,0,1,0
masp,jede,0,0,0,1,0
masp,coci,0,0,0,1,0
masp,sasi,0,0,0,1,0
masp,nikö,0,0,0,1,0
masp,stst,0,0,0,1,0
masp,liga,0,0,0,1,0
masp,yasy,0,0,0,1,0
masp,dicv,0,0,0,1,0
masp,brpa,0,0,0,1,0
masp,umte,0,0,0,1,0
masp,garo,0,0,0,1,0
masp,dibr,0,0,0,1,0
masp,josst,0,0,0,1,0
masp,jelo,0,0,0,1,0
brpa,delo,0,0,0,1,0
brpa,jost,0,0,0,1,0
brpa,lale,0,0,0,1,0
brpa,sigo,0,0,0,1,0
brpa,sabe,0,0,0,1,0
brpa,arie,0,0,0,1,0
brpa,fipa,0,0,0,1,0
brpa,stst,0,0,0,1,0
brpa,mace,0,0,0,1,0
brpa,liga,0,0,0,1,0
brpa,yasy,0,0,0,1,0
brpa,dicv,0,0,0,1,0
brpa,jogü,0,0,0,1,0
brpa,masp,0,0,0,1,0
brpa,umte,0,0,0,1,0
brpa,jeig,0,0,0,1,0
brpa,garo,0,0,0,1,0
brpa,tako,0,0,0,1,0
brpa,joest,0,0,0,1,0
brpa,jelo,0,0,0,1,0
brpa,navo,0,0,0,1,0
umte,bekl,0,0,0,1,0
umte,chok,0,0,0,1,0
umte,delo,0,0,0,1,0
umte,pise,0,0,0,1,0
umte,stdü,0,0,0,1,0
umte,tata,0,0,0,1,0
umte,tope,0,0,0,1,0
umte,edpi,0,0,0,1,0
umte,mikl,0,0,0,1,0
umte,jede,0,0,0,1,0
umte,makl,0,0,0,1,0
umte,ersi,0,0,0,1,0
umte,gisi,0,0,0,1,0
umte,coci,0,0,0,1,0
umte,sasi,0,0,0,1,0
umte,lamo,0,0,0,1,0
umte,inki,0,0,0,1,0
umte,sisa,0,0,0,1,0
umte,becm,0,0,0,1,0
umte,caog,0,0,0,1,0
umte,nikö,0,0,0,1,0
umte,fipa,0,0,0,1,0
umte,liga,0,0,0,1,0
umte,siho,0,0,0,1,0
umte,yasy,0,0,0,1,0
umte,jogü,0,0,0,1,0
umte,masp,0,0,0,1,0
umte,brpa,0,0,0,1,0
umte,josst,0,0,0,1,0
umte,jeig,0,0,0,1,0
umte,garo,0,0,0,1,0
umte,dibr,0,0,0,1,0
umte,navo,0,0,0,1,0
umte,saya,0,0,0,1,0
umte,siba,0,0,0,1,0
umte,mimo,0,0,0,1,0
umte,hakr,0,0,0,1,0
jeig,anla,0,0,0,1,0
jeig,jost,0,0,0,1,0
jeig,tata,0,0,0,1,0
jeig,palj,0,0,0,1,0
jeig,jede,0,0,0,1,0
jeig,makl,0,0,0,1,0
jeig,coci,0,0,0,1,0
jeig,elpi,0,0,0,1,0
jeig,henn,0,0,0,1,0
jeig,joma,0,0,0,1,0
jeig,nell,0,0,0,1,0
jeig,lefü,0,0,0,1,0
jeig,fipa,0,0,0,1,0
jeig,stst,0,0,0,1,0
jeig,mace,0,0,0,1,0
jeig,liga,0,0,0,1,0
jeig,siho,0,0,0,1,0
jeig,dicv,0,0,0,1,0
jeig,brpa,0,0,0,1,0
jeig,umte,0,0,0,1,0
jeig,tako,0,0,0,1,0
jeig,jelo,0,0,0,1,0
garo,jost,0,0,0,1,0
garo,lale,0,0,0,1,0
garo,palj,0,0,0,1,0
garo,mikl,0,0,0,1,0
garo,jede,0,0,0,1,0
garo,nagr,0,0,0,1,0
garo,jegr,0,0,0,1,0
garo,lamo,0,0,0,1,0
garo,becm,0,0,0,1,0
garo,elpi,0,0,0,1,0
garo,rogr,0,0,0,1,0
garo,joma,0,0,0,1,0
garo,nell,0,0,0,1,0
garo,mace,0,0,0,1,0
garo,liga,0,0,0,1,0
garo,siho,0,0,0,1,0
garo,yasy,0,0,0,1,0
garo,masp,0,0,0,1,0
garo,brpa,0,0,0,1,0
garo,umte,0,0,0,1,0
garo,jeig,0,0,0,1,0
garo,tako,0,0,0,1,0
garo,josst,0,0,0,1,0
dibr,joma,0,0,0,1,0
dibr,mace,0,0,0,1,0
dibr,yasy,0,0,0,1,0
dibr,jogü,0,0,0,1,0
dibr,masp,0,0,0,1,0
dibr,josst,0,0,0,1,0
dibr,navo,0,0,0,1,0
tako,caka,0,0,0,1,0
tako,jost,0,0,0,1,0
tako,lale,0,0,0,1,0
tako,tata,0,0,0,1,0
tako,palj,0,0,0,1,0
tako,liba,0,0,0,1,0
tako,jede,0,0,0,1,0
tako,lubi,0,0,0,1,0
tako,emfe,0,0,0,1,0
tako,nagr,0,0,0,1,0
tako,kenj,0,0,0,1,0
tako,becm,0,0,0,1,0
tako,henn,0,0,0,1,0
tako,nell,0,0,0,1,0
tako,cast,0,0,0,1,0
tako,stst,0,0,0,1,0
tako,siho,0,0,0,1,0
tako,dicv,0,0,0,1,0
tako,brpa,0,0,0,1,0
tako,jeig,0,0,0,1,0
tako,garo,0,0,0,1,0
tako,josst,0,0,0,1,0
tako,jelo,0,0,0,1,0
joest,hasu,0,0,0,1,0
joest,jost,0,0,0,1,0
joest,lale,0,0,0,1,0
joest,tata,0,0,0,1,0
joest,palj,0,0,0,1,0
joest,edpi,0,0,0,1,0
joest,jede,0,0,0,1,0
joest,emfe,0,0,0,1,0
joest,nagr,0,0,0,1,0
joest,tikü,0,0,0,1,0
joest,sabe,0,0,0,1,0
joest,sanja,0,0,0,1,0
joest,kenj,0,0,0,1,0
joest,anro,0,0,0,1,0
joest,arie,0,0,0,1,0
joest,becm,0,0,0,1,0
joest,elpi,0,0,0,1,0
joest,joma,0,0,0,1,0
joest,lefü,0,0,0,1,0
joest,fipa,0,0,0,1,0
joest,liga,0,0,0,1,0
joest,yasy,0,0,0,1,0
joest,brpa,0,0,0,1,0
joest,josst,0,0,0,1,0
joest,navo,0,0,0,1,0
josst,jede,0,0,0,1,0
josst,nagr,0,0,0,1,0
josst,inki,0,0,0,1,0
josst,nell,0,0,0,1,0
josst,cast,0,0,0,1,0
josst,fipa,0,0,0,1,0
josst,mace,0,0,0,1,0
josst,siho,0,0,0,1,0
josst,dicv,0,0,0,1,0
josst,jogü,0,0,0,1,0
josst,jeig,0,0,0,1,0
josst,joest,0,0,0,1,0
jelo,hasu,0,0,0,1,0
jelo,jost,0,0,0,1,0
jelo,lale,0,0,0,1,0
jelo,jede,0,0,0,1,0
jelo,makl,0,0,0,1,0
jelo,coci,0,0,0,1,0
jelo,loma,0,0,0,1,0
jelo,lubi,0,0,0,1,0
jelo,emfe,0,0,0,1,0
jelo,aula,0,0,0,1,0
jelo,tikü,0,0,0,1,0
jelo,sabe,0,0,0,1,0
jelo,lamo,0,0,0,1,0
jelo,inki,0,0,0,1,0
jelo,kenj,0,0,0,1,0
jelo,anro,0,0,0,1,0
jelo,joma,0,0,0,1,0
jelo,lefü,0,0,0,1,0
jelo,caog,0,0,0,1,0
jelo,fipa,0,0,0,1,0
jelo,stst,0,0,0,1,0
jelo,mace,0,0,0,1,0
jelo,liga,0,0,0,1,0
jelo,siho,0,0,0,1,0
jelo,jogü,0,0,0,1,0
jelo,brpa,0,0,0,1,0
jelo,jeig,0,0,0,1,0
jelo,tako,0,0,0,1,0
jelo,josst,0,0,0,1,0
jelo,navo,0,0,0,1,0
navo,jost,0,0,0,1,0
navo,stdü,0,0,0,1,0
navo,tata,0,0,0,1,0
navo,jegr,0,0,0,1,0
navo,becm,0,0,0,1,0
navo,fipa,0,0,0,1,0
navo,stst,0,0,0,1,0
navo,siho,0,0,0,1,0
navo,yasy,0,0,0,1,0
navo,jogü,0,0,0,1,0
navo,brpa,0,0,0,1,0
navo,umte,0,0,0,1,0
navo,dibr,0,0,0,1,0
navo,joest,0,0,0,1,0
navo,josst,0,0,0,1,0
navo,jelo,0,0,0,1,0
RTM,paro,0,2,IBeS,0,0
R,saya,0,2,IBeS,0,0
E2R,evbe,0,2,IBeS,0,0
VM,giof,0,2,IBeS,0,0
SR,siba,0,2,IBeS,0,0
LVE,mimo,0,2,IBeS,0,0
MC,hakr,0,2,IBeS,0,0
MC,nibe,0,2,IBeS,0,0
paro,stdü,0,0,0,1,0
paro,sigo,0,0,0,1,0
paro,liba,0,0,0,1,0
paro,rywö,0,0,0,1,0
paro,makl,0,0,0,1,0
paro,saya,0,0,0,1,0
paro,siba,0,0,0,1,0
paro,mimo,0,0,0,1,0
paro,hakr,0,0,0,1,0
paro,hufe,0,0,0,1,0
paro,nibe,0,0,0,1,0
saya,gifa,0,0,0,1,0
saya,stdü,0,0,0,1,0
saya,palj,0,0,0,1,0
saya,loma,0,0,0,1,0
saya,pahe,0,0,0,1,0
saya,becm,0,0,0,1,0
saya,paro,0,0,0,1,0
saya,siba,0,0,0,1,0
evbe,caka,0,0,0,1,0
evbe,chok,0,0,0,1,0
evbe,gifa,0,0,0,1,0
evbe,lino,0,0,0,1,0
evbe,sigo,0,0,0,1,0
evbe,stsc,0,0,0,1,0
evbe,jede,0,0,0,1,0
evbe,sanja,0,0,0,1,0
evbe,sabe,0,0,0,1,0
evbe,joja,0,0,0,1,0
evbe,olgi,0,0,0,1,0
evbe,fipa,0,0,0,1,0
evbe,siba,0,0,0,1,0
evbe,hakr,0,0,0,1,0
evbe,nibe,0,0,0,1,0
siba,jehi,0,0,0,1,0
siba,lino,0,0,0,1,0
siba,stdü,0,0,0,1,0
siba,umte,0,0,0,1,0
siba,paro,0,0,0,1,0
siba,saya,0,0,0,1,0
siba,mimo,0,0,0,1,0
siba,hakr,0,0,0,1,0
siba,nibe,0,0,0,1,0
mimo,jioc,0,0,0,1,0
mimo,hakr,0,0,0,1,0
hakr,jioc,0,0,0,1,0
hakr,umte,0,0,0,1,0
hakr,paro,0,0,0,1,0
hakr,siba,0,0,0,1,0
hakr,mimo,0,0,0,1,0
hakr,hufe,0,0,0,1,0
hakr,nibe,0,0,0,1,0
hufe,lino,0,0,0,1,0
hufe,stdü,0,0,0,1,0
hufe,palj,0,0,0,1,0
hufe,coci,0,0,0,1,0
hufe,pahe,0,0,0,1,0
hufe,arie,0,0,0,1,0
hufe,fipa,0,0,0,1,0
hufe,umte,0,0,0,1,0
hufe,siba,0,0,0,1,0
hufe,hakr,0,0,0,1,0
hufe,nibe,0,0,0,1,0
nibe,stdü,0,0,0,1,0
nibe,gisi,0,0,0,1,0
nibe,arie,0,0,0,1,0
nibe,paro,0,0,0,1,0
nibe,saya,0,0,0,1,0
nibe,evbe,0,0,0,1,0
nibe,mimo,0,0,0,1,0
sigo,tata,1,1,dShdS,0,0
sigo,delo,1,1,dShdS,0,0
stsc,tata,1,1,dShdS,1,0
hara,jede,1,1,dShdS,0,0
hara,makl,1,1,dShdS,0,0
pipa,jede,1,1,dShdS,0,0
pipa,makl,1,1,dShdS,0,0
joho,tata,1,1,dShdS,0,0
joho,delo,1,1,dShdS,0,0
tiho,tata,1,1,dShdS,1,0
tiho,delo,1,1,dShdS,0,0
tope,joho,1,1,dShdS,0,0
tope,tiho,1,1,dShdS,0,0
palj,joho,1,1,dShdS,0,0
palj,tiho,1,1,dShdS,0,0
liba,tata,1,1,dShdS,1,0
rywö,tata,1,1,dShdS,1,0
rywö,delo,1,1,dShdS,0,0
edpi,joho,1,1,dShdS,0,0
edpi,tiho,1,1,dShdS,0,0
mikl,joho,1,1,dShdS,0,0
mikl,tiho,1,1,dShdS,0,0
jede,hara,1,1,dShdS,0,0
jede,pipa,1,1,dShdS,0,0
makl,hara,1,1,dShdS,0,0
makl,pipa,1,1,dShdS,0,0
tata,joho,1,1,dShdS,1,0
tata,tiho,1,1,dShdS,1,0
delo,joho,1,1,dShdS,1,0
delo,tiho,1,1,dShdS,0,0
stsc,delo,1,1,dShdS,0,0
tope,liba,1,1,dShdS,0,0
tope,rywö,1,1,dShdS,0,0
palj,liba,1,1,dShdS,0,0
palj,rywö,1,1,dShdS,0,0
liba,delo,1,1,dShdS,0,0
edpi,liba,1,1,dShdS,0,0
edpi,rywö,1,1,dShdS,0,0
mikl,liba,1,1,dShdS,0,0
mikl,rywö,1,1,dShdS,0,0
jede,liba,1,1,dShdS,1,0
jede,rywö,1,1,dShdS,1,0
makl,liba,1,1,dShdS,1,0
makl,rywö,1,1,dShdS,1,0
sigo,palj,1,1,dShdS,0,0
sigo,tope,1,1,dShdS,0,0
stsc,palj,1,1,dShdS,0,0
stsc,tope,1,1,dShdS,0,0
joho,palj,1,1,dShdS,0,0
joho,tope,1,1,dShdS,0,0
tiho,palj,1,1,dShdS,0,0
tiho,tope,1,1,dShdS,0,0
jede,joho,1,1,dShdS,0,0
jede,tiho,1,1,dShdS,0,0
makl,joho,1,1,dShdS,0,0
makl,tiho,1,1,dShdS,0,0
tata,palj,1,1,dShdS,1,0
tata,tope,1,1,dShdS,1,0
delo,palj,1,1,dShdS,1,0
delo,tope,1,1,dShdS,0,0
paza,joho,1,1,dShdS,0,0
paza,tiho,1,1,dShdS,1,0
loma,joho,1,1,dShdS,0,0
loma,tiho,1,1,dShdS,0,0
sarja,joho,1,1,dShdS,0,0
sarja,tiho,1,1,dShdS,0,0
ersi,joho,1,1,dShdS,0,0
ersi,tiho,1,1,dShdS,0,0
sigo,jede,1,1,dShdS,0,0
sigo,makl,1,1,dShdS,0,0
stsc,jede,1,1,dShdS,0,0
stsc,makl,1,1,dShdS,0,0
edpi,loma,1,1,dShdS,1,0
edpi,paza,1,1,dShdS,1,0
mikl,loma,1,1,dShdS,0,0
mikl,paza,1,1,dShdS,0,0
jede,loma,1,1,dShdS,0,0
jede,paza,1,1,dShdS,0,0
makl,loma,1,1,dShdS,0,0
makl,paza,1,1,dShdS,0,0
tata,edpi,1,1,dShdS,1,0
tata,mikl,1,1,dShdS,1,0
delo,edpi,1,1,dShdS,0,0
delo,mikl,1,1,dShdS,1,0
paza,edpi,1,1,dShdS,1,0
paza,mikl,1,1,dShdS,0,0
loma,edpi,1,1,dShdS,1,0
loma,mikl,1,1,dShdS,0,0
sarja,loma,1,1,dShdS,1,0
sarja,paza,1,1,dShdS,0,0
ersi,loma,1,1,dShdS,0,0
ersi,paza,1,1,dShdS,1,0
sigo,edpi,1,1,dShdS,0,0
sigo,mikl,1,1,dShdS,0,0
stsc,edpi,1,1,dShdS,1,0
stsc,mikl,1,1,dShdS,1,0
edpi,sigo,1,1,dShdS,0,0
edpi,stsc,1,1,dShdS,1,0
mikl,sigo,1,1,dShdS,0,0
mikl,stsc,1,1,dShdS,1,0
jede,sigo,1,1,dShdS,0,0
jede,stsc,1,1,dShdS,0,0
makl,sigo,1,1,dShdS,0,0
makl,stsc,1,1,dShdS,0,0
tata,sigo,1,1,dShdS,0,0
tata,stsc,1,1,dShdS,1,0
delo,sigo,1,1,dShdS,0,0
delo,stsc,1,1,dShdS,0,0
sarja,delo,1,1,dShdS,0,0
sarja,tata,1,1,dShdS,0,0
ersi,delo,1,1,dShdS,1,0
ersi,tata,1,1,dShdS,0,0
pipa,hara,0,0,0,1,2
mikl,edpi,0,0,0,0,2
jede,makl,0,0,0,0,2
paza,loma,0,0,0,2,2
loma,paza,0,0,0,2,2
sarja,ersi,0,0,0,0,2
ersi,sarja,0,0,0,0,2
tata,delo,0,0,0,0,2
inki,gisi,0,0,0,1,0
inki,lubi,0,0,0,1,0
inki,frwa,0,0,0,1,0
inki,nire,0,0,0,1,0
inki,chmo,0,0,0,1,0
inki,alri,0,0,0,1,0
inki,sabe,0,0,0,1,0
inki,mldo,0,0,0,1,0
jegr,coci,0,0,0,1,0
jegr,nire,0,0,0,1,0
jegr,aula,0,0,0,1,0
jegr,nagr,0,0,0,1,0
jegr,lamo,0,0,0,1,0
jegr,mldo,0,0,0,1,0
chbr,gisi,0,0,0,1,0
chbr,coci,0,0,0,1,0
chbr,lubi,0,0,0,1,0
chbr,frwa,0,0,0,1,0
chbr,nire,0,0,0,1,0
chbr,chmo,0,0,0,1,0
chbr,aula,0,0,0,1,0
chbr,sasi,0,0,0,1,0
chbr,alri,0,0,0,1,0
chbr,sabe,0,0,0,1,0
pahe,coci,0,0,0,1,0
pahe,lubi,0,0,0,1,0
pahe,tikü,0,0,0,1,0
coci,lubi,0,0,0,1,0
coci,pahe,0,0,0,1,0
coci,chmo,0,0,0,1,0
coci,sasi,0,0,0,1,0
coci,jegr,0,0,0,1,0
coci,alri,0,0,0,1,0
coci,chbr,0,0,0,1,0
coci,sabe,0,0,0,1,0
coci,mldo,0,0,0,1,0
coci,pise,0,0,0,1,0
nagr,gisi,0,0,0,1,0
nagr,lubi,0,0,0,1,0
nagr,frwa,0,0,0,1,0
nagr,nire,0,0,0,1,0
nagr,emfe,0,0,0,1,0
nagr,aula,0,0,0,1,0
nagr,sasi,0,0,0,1,0
nagr,jegr,0,0,0,1,0
nagr,alri,0,0,0,1,0
nagr,sabe,0,0,0,1,0
nagr,lamo,0,0,0,1,0
nire,lubi,0,0,0,1,0
nire,pahe,0,0,0,1,0
nire,aula,0,0,0,1,0
nire,nagr,0,0,0,1,0
nire,jegr,0,0,0,1,0
nire,inki,0,0,0,1,0
lamo,gisi,0,0,0,1,0
lamo,coci,0,0,0,1,0
lamo,lubi,0,0,0,1,0
lamo,frwa,0,0,0,1,0
lamo,emfe,0,0,0,1,0
lamo,aula,0,0,0,1,0
lamo,sasi,0,0,0,1,0
lamo,nagr,0,0,0,1,0
lamo,jegr,0,0,0,1,0
lamo,tikü,0,0,0,1,0
lamo,chbr,0,0,0,1,0
lamo,sabe,0,0,0,1,0
lamo,inki,0,0,0,1,0
frwa,gisi,0,0,0,1,0
frwa,nire,0,0,0,1,0
frwa,emfe,0,0,0,1,0
frwa,aula,0,0,0,1,0
frwa,nagr,0,0,0,1,0
frwa,jegr,0,0,0,1,0
frwa,tikü,0,0,0,1,0
frwa,alri,0,0,0,1,0
frwa,chbr,0,0,0,1,0
frwa,sabe,0,0,0,1,0
frwa,lamo,0,0,0,1,0
frwa,mldo,0,0,0,1,0
alki,gisi,0,0,0,1,0
alki,frwa,0,0,0,1,0
alki,nire,0,0,0,1,0
alki,aula,0,0,0,1,0
alki,tikü,0,0,0,1,0
alki,chbr,0,0,0,2,0
alki,inki,0,0,0,1,0
tikü,pahe,0,0,0,1,0
tikü,nire,0,0,0,1,0
sasi,frwa,0,0,0,1,0
sasi,nagr,0,0,0,1,0
lubi,coci,0,0,0,1,0
lubi,pahe,0,0,0,1,0
lubi,frwa,0,0,0,1,0
lubi,nire,0,0,0,1,0
lubi,emfe,0,0,0,1,0
lubi,aula,0,0,0,1,0
lubi,sasi,0,0,0,1,0
lubi,nagr,0,0,0,1,0
lubi,chbr,0,0,0,1,0
lubi,lamo,0,0,0,1,0
lubi,inki,0,0,0,1,0
emfe,lubi,0,0,0,1,0
emfe,pahe,0,0,0,1,0
emfe,aula,0,0,0,1,0
emfe,sabe,0,0,0,1,0
emfe,lamo,0,0,0,1,0
emfe,pise,0,0,0,1,0
mldo,coci,0,0,0,1,0
mldo,chmo,0,0,0,1,0
mldo,aula,0,0,0,1,0
mldo,jegr,0,0,0,1,0
mldo,alri,0,0,0,1,0
mldo,inki,0,0,0,1,0
chmo,coci,0,0,0,1,0
chmo,lubi,0,0,0,1,0
chmo,aula,0,0,0,1,0
chmo,chbr,0,0,0,1,0
chmo,inki,0,0,0,1,0
chmo,mldo,0,0,0,1,0
pise,frwa,0,0,0,1,0
pise,emfe,0,0,0,1,0
pise,sabe,0,0,0,1,0
pise,inki,0,0,0,1,0
aula,lubi,0,0,0,1,0
aula,chmo,0,0,0,1,0
aula,nagr,0,0,0,1,0
aula,jegr,0,0,0,1,0
aula,tikü,0,0,0,1,0
aula,alri,0,0,0,1,0
aula,chbr,0,0,0,1,0
aula,lamo,0,0,0,1,0
sabe,gisi,0,0,0,1,0
sabe,coci,0,0,0,1,0
sabe,lubi,0,0,0,1,0
sabe,pahe,0,0,0,1,0
sabe,frwa,0,0,0,1,0
sabe,chmo,0,0,0,1,0
sabe,emfe,0,0,0,1,0
sabe,sasi,0,0,0,1,0
sabe,nagr,0,0,0,1,0
sabe,tikü,0,0,0,1,0
sabe,alri,0,0,0,1,0
sabe,chbr,0,0,0,1,0
sabe,lamo,0,0,0,1,0
sabe,inki,0,0,0,1,0
sabe,pise,0,0,0,1,0
alri,gisi,0,0,0,1,0
alri,coci,0,0,0,1,0
alri,frwa,0,0,0,1,0
alri,nire,0,0,0,1,0
alri,aula,0,0,0,1,0
alri,nagr,0,0,0,1,0
alri,chbr,0,0,0,1,0
alri,sabe,0,0,0,1,0
alri,inki,0,0,0,1,0
alri,mldo,0,0,0,1,0
ersi,mikl,0,0,0,2,0
pise,lamo,0,0,0,2,0
lamo,pise,0,0,0,2,0
pise,gifa,0,0,0,2,0
pise,jelo,0,0,0,2,0
jelo,pise,0,0,0,2,0
pise,pahe,0,0,0,2,0
edpi,mikl,0,0,0,0,3
gisi,siba,0,0,0,2,0
siba,gisi,0,0,0,2,0
lubi,garo,0,0,0,2,0
garo,lubi,0,0,0,2,0
lubi,dicv,0,0,0,2,2
dicv,lubi,0,0,0,2,0
frwa,lubi,0,0,0,2,0
frwa,pahe,0,0,0,2,0
nire,tikü,0,0,0,2,0
nire,sasi,0,0,0,2,0
nire,chbr,0,0,0,2,0
nire,frwa,0,0,0,2,0
nire,alki,0,0,0,2,0
sasi,tikü,0,0,0,2,0
sasi,nire,0,0,0,2,0
sasi,chbr,0,0,0,2,0
sasi,gisi,0,0,0,2,0
sasi,caka,0,0,0,2,0
sasi,umte,0,0,0,2,0
tikü,lefü,0,0,0,2,0
lefü,tikü,0,0,0,2,0
tikü,lubi,0,0,0,2,0
lubi,tikü,0,0,0,2,0
inki,lamo,0,0,0,2,0
palj,sanja,0,0,0,2,0
sanja,palj,0,0,0,2,0
hasu,sanja,0,0,0,2,0
sanja,hasu,0,0,0,2,0
aula,sanja,0,0,0,2,0
sanja,aula,0,0,0,2,0
elpi,arie,0,0,0,2,0
nell,dibr,0,0,0,2,2
dibr,nell,0,0,0,2,0
nell,garo,0,0,0,2,0
caog,tikü,0,0,0,2,0
olgi,anro,0,0,0,2,2
anro,olgi,0,0,0,2,0
rogr,sisa,0,0,0,2,0
sisa,rogr,0,0,0,2,0
rogr,nell,0,0,0,2,0
rogr,joma,0,0,0,2,0
rogr,nikö,0,0,0,2,0
rogr,cast,0,0,0,2,0
rogr,caog,0,0,0,2,0
sisa,nell,0,0,0,2,0
sisa,joma,0,0,0,2,0
sisa,nikö,0,0,0,2,0
sisa,cast,0,0,0,2,0
sisa,caog,0,0,0,2,0
stst,josst,0,0,0,2,3
stst,dicv,0,0,0,2,0
dicv,stst,0,0,0,2,0
stst,garo,0,0,0,2,0
stst,jelo,0,0,0,2,0
stst,joest,0,0,0,2,0
stst,tako,0,0,0,2,0
stst,lale,0,0,0,2,0
stst,umte,0,0,0,2,0
stst,yasy,0,0,0,2,0
stst,fipa,0,0,0,2,0
stst,liga,0,0,0,2,0
stst,jeig,0,0,0,2,0
stst,jogü,0,0,0,2,0
stst,navo,0,0,0,2,0
stst,jost,0,0,0,2,0
stst,dibr,0,0,0,2,0
stst,masp,0,0,0,2,0
stst,joma,0,0,0,2,0
stst,brpa,0,0,0,2,0
stst,mace,0,0,0,2,0
mace,fipa,0,0,0,2,0
fipa,mace,0,0,0,2,0
mace,jost,0,0,0,2,0
jost,mace,0,0,0,2,0
liga,tako,0,0,0,2,0
tako,liga,0,0,0,2,0
liga,jelo,0,0,0,2,0
liga,jeig,0,0,0,2,0
liga,stst,0,0,0,2,0
dicv,jost,0,0,0,2,0
dicv,joma,0,0,0,2,0
umte,nibe,0,0,0,2,0
umte,paro,0,0,0,2,0
tako,jost,0,0,0,2,0
dicv,garo,0,0,0,2,0
jost,garo,0,0,0,2,0
jeig,garo,0,0,0,2,0
jeig,aula,0,0,0,2,0
jeig,lamo,0,0,0,2,0
lamo,jeig,0,0,0,2,0
dibr,umte,0,0,0,2,0
dibr,fipa,0,0,0,2,0
joest,sisa,0,0,0,2,0
sisa,joest,0,0,0,2,0
siho,joest,0,0,0,2,0
joest,siho,0,0,0,2,0
jelo,joest,0,0,0,2,0
joest,jelo,0,0,0,2,0
josst,stst,0,0,0,2,0
josst,sasi,0,0,0,2,0
sasi,josst,0,0,0,2,0
josst,jelo,0,0,0,2,0
josst,jost,0,0,0,2,0
josst,dibr,0,0,0,2,0
josst,masp,0,0,0,2,0
josst,garo,0,0,0,2,0
josst,yasy,0,0,0,2,0
josst,tako,0,0,0,2,0
josst,umte,0,0,0,2,0
josst,joma,0,0,0,2,0
josst,liga,0,0,0,2,0
josst,navo,0,0,0,2,0
josst,lale,0,0,0,2,0
saya,arie,0,0,0,2,0
saya,mimo,0,0,0,2,0
saya,umte,0,0,0,2,0
evbe,giof,0,0,0,2,0
hufe,evbe,0,0,0,2,0
evbe,hufe,0,0,0,2,0
hufe,giof,0,0,0,2,0
hufe,mimo,0,0,0,2,0
siba,hufe,0,0,0,2,0
mimo,siba,0,0,0,2,0
mimo,saya,0,0,0,2,0
mimo,stdü,0,0,0,2,0
mimo,hufe,0,0,0,2,0
mimo,umte,0,0,0,2,0
mimo,arie,0,0,0,2,0
mimo,nibe,0,0,0,2,0
mimo,paro,0,0,0,2,0
hufe,paro,0,0,0,2,0
nibe,umte,0,0,0,2,0
nibe,hakr,0,0,0,2,0
nibe,hufe,0,0,0,2,0
nibe,siba,0,0,0,2,0
yasy,fipa,0,0,0,2,0
yasy,josst,0,0,0,2,0
yasy,umte,0,0,0,2,0
yasy,masp,0,0,0,2,0
aisi,KdRs,0,3,0,0,0
anla,KdRs,0,3,0,0,0
anse,KdRs,0,3,0,0,0
anre,KdRs,0,3,0,0,0
bekl,KdRs,0,3,0,0,0
caka,KdRs,0,3,0,0,0
chok,KdRs,0,3,0,0,0
dawe,KdRs,0,3,0,0,0
delo,KdRs,0,3,0,0,0
frfu,KdRs,0,3,0,0,0
gifa,KdRs,0,3,0,0,0
hasu,KdRs,0,3,0,0,0
jehi,KdRs,0,3,0,0,0
jost,KdRs,0,3,0,0,0
lale,KdRs,0,3,0,0,0
lino,KdRs,0,3,0,0,0
maan,KdRs,0,3,0,0,0
mase,KdRs,0,3,0,0,0
pise,KdRs,0,3,0,0,0
shfi,KdRs,0,3,0,0,0
stdü,KdRs,0,3,0,0,0
tata,KdRs,0,3,0,0,0
sigo,dShdS,0,3,0,0,0
stsc,dShdS,0,3,0,0,0
hara,dShdS,0,3,0,0,0
pipa,dShdS,0,3,0,0,0
joho,dShdS,0,3,0,0,0
tiho,dShdS,0,3,0,0,0
tope,dShdS,0,3,0,0,0
palj,dShdS,0,3,0,0,0
liba,dShdS,0,3,0,0,0
rywö,dShdS,0,3,0,0,0
edpi,dShdS,0,3,0,0,0
mikl,dShdS,0,3,0,0,0
jede,dShdS,0,3,0,0,0
makl,dShdS,0,3,0,0,0
paza,dShdS,0,3,0,0,0
loma,dShdS,0,3,0,0,0
sarja,dShdS,0,3,0,0,0
ersi,dShdS,0,3,0,0,0
tata,dShdS,0,3,0,0,0
delo,dShdS,0,3,0,0,0
gisi,dP,0,3,0,0,0
coci,dP,0,3,0,0,0
lubi,dP,0,3,0,0,0
pahe,dP,0,3,0,0,0
frwa,dP,0,3,0,0,0
nire,dP,0,3,0,0,0
chmo,dP,0,3,0,0,0
alki,dP,0,3,0,0,0
emfe,dP,0,3,0,0,0
aula,dP,0,3,0,0,0
sasi,dP,0,3,0,0,0
nagr,dP,0,3,0,0,0
jegr,dP,0,3,0,0,0
tikü,dP,0,3,0,0,0
alri,dP,0,3,0,0,0
chbr,dP,0,3,0,0,0
sabe,dP,0,3,0,0,0
lamo,dP,0,3,0,0,0
inki,dP,0,3,0,0,0
mldo,dP,0,3,0,0,0
pise,dP,0,3,0,0,0
sanja,AYTOVIP,0,3,0,0,0
kenj,AYTOVIP,0,3,0,0,0
sisa,AYTOVIP,0,3,0,0,0
xast,AYTOVIP,0,3,0,0,0
anro,AYTOVIP,0,3,0,0,0
arie,AYTOVIP,0,3,0,0,0
becm,AYTOVIP,0,3,0,0,0
elpi,AYTOVIP,0,3,0,0,0
henn,AYTOVIP,0,3,0,0,0
joma,AYTOVIP,0,3,0,0,0
nell,AYTOVIP,0,3,0,0,0
vimi,AYTOVIP,0,3,0,0,0
lefü,AYTOVIP,0,3,0,0,0
caog,AYTOVIP,0,3,0,0,0
cast,AYTOVIP,0,3,0,0,0
joja,AYTOVIP,0,3,0,0,0
lenn,AYTOVIP,0,3,0,0,0
nikö,AYTOVIP,0,3,0,0,0
olgi,AYTOVIP,0,3,0,0,0
rogr,AYTOVIP,0,3,0,0,0
jioc,AYTOVIP,0,3,0,0,0
hasu,AYTOVIP,0,3,0,0,0
fipa,LIVIP,0,3,0,0,0
stst,LIVIP,0,3,0,0,0
mace,LIVIP,0,3,0,0,0
liga,LIVIP,0,3,0,0,0
siho,LIVIP,0,3,0,0,0
yasy,LIVIP,0,3,0,0,0
dicv,LIVIP,0,3,0,0,0
jogü,LIVIP,0,3,0,0,0
masp,LIVIP,0,3,0,0,0
brpa,LIVIP,0,3,0,0,0
umte,LIVIP,0,3,0,0,0
jeig,LIVIP,0,3,0,0,0
garo,LIVIP,0,3,0,0,0
dibr,LIVIP,0,3,0,0,0
tako,LIVIP,0,3,0,0,0
joest,LIVIP,0,3,0,0,0
josst,LIVIP,0,3,0,0,0
jelo,LIVIP,0,3,0,0,0
navo,LIVIP,0,3,0,0,0
lale,LIVIP,0,3,0,0,0
jost,LIVIP,0,3,0,0,0
paro,IbeS,0,3,0,0,0
saya,IbeS,0,3,0,0,0
evbe,IbeS,0,3,0,0,0
giof,IbeS,0,3,0,0,0
siba,IbeS,0,3,0,0,0
mimo,IbeS,0,3,0,0,0
hakr,IbeS,0,3,0,0,0
hufe,IbeS,0,3,0,0,0
nibe,IbeS,0,3,0,0,0
arie,IbeS,0,3,0,0,0
umte,IbeS,0,3,0,0,0
stdü,IbeS,0,3,0,0,0
navo,mace,0,0,0,2,0
inki,caka,0,0,0,1,0
inki,jost,0,0,0,1,0
inki,palj,0,0,0,1,0
inki,edpi,0,0,0,1,0
inki,jede,0,0,0,1,0
inki,arie,0,0,0,1,0
inki,henn,0,0,0,1,0
inki,lefü,0,0,0,1,0
inki,lenn,0,0,0,1,0
inki,fipa,0,0,0,1,0
inki,siho,0,0,0,1,0
inki,umte,0,0,0,1,0
inki,jeig,0,0,0,1,0
inki,dibr,0,0,0,1,0
inki,tako,0,0,0,1,0
inki,josst,0,0,0,1,0
inki,jelo,0,0,0,1,0
chbr,tope,0,0,0,1,0
chbr,palj,0,0,0,1,0
chbr,mikl,0,0,0,1,0
chbr,jede,0,0,0,1,0
chbr,makl,0,0,0,1,0
chbr,kenj,0,0,0,1,0
chbr,becm,0,0,0,1,0
chbr,siho,0,0,0,1,0
chbr,dicv,0,0,0,1,0
pahe,tope,0,0,0,1,0
pahe,makl,0,0,0,1,0
pahe,kenj,0,0,0,1,0
pahe,jioc,0,0,0,1,0
pahe,saya,0,0,0,1,0
coci,anre,0,0,0,1,0
coci,bekl,0,0,0,1,0
coci,chok,0,0,0,1,0
coci,delo,0,0,0,1,0
coci,frfu,0,0,0,1,0
coci,jehi,0,0,0,1,0
coci,jost,0,0,0,1,0
coci,lino,0,0,0,1,0
coci,maan,0,0,0,1,0
coci,mase,0,0,0,1,0
coci,tata,0,0,0,1,0
coci,sigo,0,0,0,1,0
coci,tope,0,0,0,1,0
coci,jede,0,0,0,1,0
coci,makl,0,0,0,1,0
coci,sarja,0,0,0,1,0
coci,sisa,0,0,0,1,0
coci,arie,0,0,0,1,0
coci,becm,0,0,0,1,0
coci,lefü,0,0,0,1,0
coci,caog,0,0,0,1,0
coci,joja,0,0,0,1,0
coci,fipa,0,0,0,1,0
coci,stst,0,0,0,1,0
coci,siho,0,0,0,1,0
coci,umte,0,0,0,1,0
coci,jeig,0,0,0,1,0
coci,jelo,0,0,0,1,0
coci,hufe,0,0,0,1,0
nagr,anse,0,0,0,1,0
nagr,hasu,0,0,0,1,0
nagr,jost,0,0,0,1,0
nagr,maan,0,0,0,1,0
nagr,tope,0,0,0,1,0
nagr,palj,0,0,0,1,0
nagr,liba,0,0,0,1,0
nagr,jede,0,0,0,1,0
nagr,anro,0,0,0,1,0
nagr,elpi,0,0,0,1,0
nagr,henn,0,0,0,1,0
nagr,lefü,0,0,0,1,0
nagr,siho,0,0,0,1,0
nagr,garo,0,0,0,1,0
nagr,tako,0,0,0,1,0
nagr,joest,0,0,0,1,0
nagr,hufe,0,0,0,1,0
nire,jede,0,0,0,1,0
nire,makl,0,0,0,1,0
lamo,caka,0,0,0,1,0
lamo,chok,0,0,0,1,0
lamo,delo,0,0,0,1,0
lamo,gifa,0,0,0,1,0
lamo,hasu,0,0,0,1,0
lamo,jost,0,0,0,1,0
lamo,lale,0,0,0,1,0
lamo,tata,0,0,0,1,0
lamo,palj,0,0,0,1,0
lamo,liba,0,0,0,1,0
lamo,jede,0,0,0,1,0
lamo,sarja,0,0,0,1,0
lamo,xast,0,0,0,1,0
lamo,lefü,0,0,0,1,0
lamo,dicv,0,0,0,1,0
lamo,umte,0,0,0,1,0
lamo,garo,0,0,0,1,0
lamo,jelo,0,0,0,1,0
tikü,dawe,0,0,0,1,0
tikü,jost,0,0,0,1,0
tikü,palj,0,0,0,1,0
tikü,rywö,0,0,0,1,0
tikü,kenj,0,0,0,1,0
tikü,arie,0,0,0,1,0
tikü,joma,0,0,0,1,0
tikü,caog,0,0,0,1,0
tikü,cast,0,0,0,1,0
tikü,stst,0,0,0,1,0
tikü,siho,0,0,0,1,0
tikü,jogü,0,0,0,1,0
tikü,jelo,0,0,0,1,0
sasi,jost,0,0,0,1,0
sasi,tata,0,0,0,1,0
sasi,kenj,0,0,0,1,0
sasi,fipa,0,0,0,1,0
sasi,stst,0,0,0,1,0
sasi,yasy,0,0,0,1,0
sasi,masp,0,0,0,1,0
jegr,lale,0,0,0,1,0
jegr,tata,0,0,0,1,0
jegr,palj,0,0,0,1,0
jegr,edpi,0,0,0,1,0
jegr,jede,0,0,0,1,0
jegr,kenj,0,0,0,1,0
jegr,sisa,0,0,0,1,0
jegr,lefü,0,0,0,1,0
jegr,garo,0,0,0,1,0
jegr,navo,0,0,0,1,0
lubi,caka,0,0,0,1,0
lubi,hasu,0,0,0,1,0
lubi,jost,0,0,0,1,0
lubi,maan,0,0,0,1,0
lubi,mikl,0,0,0,1,0
lubi,sarja,0,0,0,1,0
lubi,ersi,0,0,0,1,0
lubi,kenj,0,0,0,1,0
lubi,arie,0,0,0,1,0
lubi,becm,0,0,0,1,0
lubi,elpi,0,0,0,1,0
lubi,nell,0,0,0,1,0
lubi,cast,0,0,0,1,0
lubi,fipa,0,0,0,1,0
lubi,siho,0,0,0,1,0
lubi,jogü,0,0,0,1,0
lubi,tako,0,0,0,1,0
lubi,joest,0,0,0,1,0
lubi,jelo,0,0,0,1,0
emfe,dawe,0,0,0,1,0
emfe,palj,0,0,0,1,0
emfe,liba,0,0,0,1,0
emfe,edpi,0,0,0,1,0
emfe,henn,0,0,0,1,0
emfe,caog,0,0,0,1,0
emfe,yasy,0,0,0,1,0
emfe,tako,0,0,0,1,0
emfe,joest,0,0,0,1,0
emfe,jelo,0,0,0,1,0
mldo,tope,0,0,0,1,0
mldo,palj,0,0,0,1,0
mldo,vimi,0,0,0,1,0
chmo,caka,0,0,0,1,0
chmo,gifa,0,0,0,1,0
chmo,jost,0,0,0,1,0
chmo,tata,0,0,0,1,0
chmo,tope,0,0,0,1,0
chmo,palj,0,0,0,1,0
chmo,sisa,0,0,0,1,0
chmo,nell,0,0,0,1,0
chmo,joja,0,0,0,1,0
chmo,fipa,0,0,0,1,0
chmo,tako,0,0,0,1,0
aula,joma,0,0,0,1,0
aula,henn,0,0,0,1,0
aula,hasu,0,0,0,1,0
aula,jeig,0,0,0,1,0
aula,sisa,0,0,0,1,0
aula,jogü,0,0,0,1,0
aula,jelo,0,0,0,1,0
sabe,anla,0,0,0,1,0
sabe,chok,0,0,0,1,0
sabe,gifa,0,0,0,1,0
sabe,jost,0,0,0,1,0
sabe,lale,0,0,0,1,0
sabe,lino,0,0,0,1,0
sabe,tata,0,0,0,1,0
sabe,loma,0,0,0,1,0
sabe,henn,0,0,0,1,0
sabe,dicv,0,0,0,1,0
sabe,brpa,0,0,0,1,0
sabe,joest,0,0,0,1,0
sabe,jelo,0,0,0,1,0
sabe,evbe,0,0,0,1,0
sabe,mimo,0,0,0,1,0
alri,loma,0,0,0,1,0
alri,arie,0,0,0,1,0
vimi,mldo,0,0,0,1,0